total_courses,avg_spending,diversity_score,learning_depth,UserID,Cluster
1,394.26,1,2,U00001,0
1,0,1,1,U00002,2
11,55.81636364,7,2,U00003,1
13,75.54230769,8,1.923076923,U00004,1
2,173.355,2,2,U00005,2
1,0.78,1,3,U00006,0
1,0,1,2,U00007,2
1,0,1,2,U00008,2
1,276.37,1,3,U00009,0
2,163.01,2,1.5,U00010,2
2,149.785,2,2,U00011,2
2,163.995,2,2,U00012,2
14,102.3092857,8,2,U00013,1
1,0,1,3,U00014,0
14,145.3614286,10,1.714285714,U00015,1
1,0,1,3,U00016,0
3,321.06,3,1.333333333,U00017,2
16,91.751875,9,1.8125,U00018,1
1,0,1,1,U00019,2
1,0,1,1,U00020,2
2,88.67,2,3,U00021,0
1,0,1,1,U00022,2
1,0,1,1,U00023,2
1,0,1,2,U00024,2
4,29.76,4,2.25,U00025,0
1,327.99,1,1,U00026,2
2,0,2,2.5,U00027,0
12,84.38833333,9,1.916666667,U00028,1
1,326.02,1,2,U00029,0
1,0,1,2,U00030,2
1,0,1,1,U00031,2
1,285.05,1,1,U00032,2
1,276.37,1,3,U00033,0
2,124.05,2,1,U00034,2
1,0.78,1,3,U00035,0
1,0,1,1,U00036,2
2,0,2,3,U00037,0
1,0,1,2,U00038,2
1,346.71,1,3,U00039,0
1,0,1,1,U00040,2
2,163.01,2,1.5,U00041,2
1,89.59,1,2,U00042,2
1,327.99,1,1,U00043,2
1,299.57,1,1,U00044,2
14,86.41357143,9,1.785714286,U00045,1
2,0,2,2,U00046,2
1,0,1,2,U00047,2
13,27.45307692,9,1.846153846,U00048,1
1,0,1,2,U00049,2
1,0,1,3,U00050,0
1,0,1,1,U00051,2
1,0.78,1,3,U00052,0
1,53.86,1,1,U00053,2
1,490.9,1,1,U00054,2
16,90.515625,9,2.375,U00055,1
2,0,2,2,U00056,2
1,487.92,1,3,U00057,0
1,117.68,1,3,U00058,0
1,0,1,1,U00059,2
4,13.465,3,1.25,U00060,2
1,0,1,2,U00061,2
1,0,1,1,U00062,2
2,149.785,2,1,U00063,2
1,276.37,1,3,U00064,0
1,0,1,3,U00065,0
1,327.99,1,1,U00066,2
1,119.04,1,2,U00067,2
1,0,1,2,U00068,2
2,0,2,2.5,U00069,0
2,0,2,2,U00070,2
14,45.85285714,8,1.785714286,U00071,1
1,326.02,1,2,U00072,0
1,0.78,1,3,U00073,0
3,321.06,2,1,U00074,2
1,0,1,3,U00075,0
4,118.07,4,1.5,U00076,2
1,0,1,2,U00077,2
1,0,1,2,U00078,2
1,0,1,1,U00079,2
1,0,1,1,U00080,2
1,0,1,3,U00081,0
1,0,1,1,U00082,2
15,110.7533333,9,2,U00083,1
1,327.99,1,1,U00084,2
13,88.39384615,7,1.692307692,U00085,1
4,13.465,4,2.25,U00086,0
3,0,3,1.666666667,U00087,2
1,0,1,1,U00088,2
1,0,1,2,U00089,2
1,0,1,2,U00090,2
1,0,1,1,U00091,2
4,148.7025,4,2,U00092,2
1,285.05,1,1,U00093,2
1,299.57,1,1,U00094,2
1,248.1,1,1,U00095,2
4,0,3,1.5,U00096,2
2,0,2,3,U00097,0
1,0,1,3,U00098,0
1,299.57,1,1,U00099,2
1,0,1,1,U00100,2
1,89.59,1,2,U00101,2
1,299.57,1,1,U00102,2
1,0,1,3,U00103,0
1,53.86,1,1,U00104,2
1,299.57,1,1,U00105,2
2,28.66,2,2,U00106,2
1,0,1,1,U00107,2
2,0,2,2,U00108,2
14,62.12642857,10,1.642857143,U00109,1
1,487.92,1,3,U00110,0
1,0,1,1,U00111,2
14,40.41428571,9,2,U00112,1
1,346.71,1,3,U00113,0
1,0,1,3,U00114,0
1,0,1,2,U00115,2
1,0,1,3,U00116,0
13,145.0669231,9,1.769230769,U00117,1
1,0,1,3,U00118,0
1,57.32,1,3,U00119,0
2,207.755,2,1.5,U00120,2
2,164.385,2,2,U00121,2
2,0,2,1.5,U00122,2
2,178.445,2,2,U00123,2
2,230.245,2,2,U00124,0
2,163.01,2,2.5,U00125,0
14,77.46928571,7,1.785714286,U00126,1
3,301.1433333,3,2.666666667,U00127,0
13,139.5115385,8,1.923076923,U00128,1
2,207.755,2,2,U00129,0
1,248.1,1,1,U00130,2
1,0,1,3,U00131,0
1,0,1,1,U00132,2
14,59.16642857,9,1.928571429,U00133,1
14,102.7292857,8,2.142857143,U00134,1
1,0,1,2,U00135,2
1,0,1,3,U00136,0
2,230.145,2,2.5,U00137,0
2,0,2,2,U00138,2
4,62.025,4,2,U00139,2
2,26.93,2,1.5,U00140,2
1,0,1,1,U00141,2
1,472.28,1,1,U00142,2
2,88.67,2,2,U00143,2
13,73.35923077,7,2.230769231,U00144,1
1,0,1,1,U00145,2
1,0,1,1,U00146,2
12,99.64,9,1.833333333,U00147,1
1,0,1,2,U00148,2
10,90.641,8,2.1,U00149,1
2,0,2,2.5,U00150,0
1,0,1,1,U00151,2
12,114.0766667,9,1.666666667,U00152,1
2,18.945,2,2,U00153,2
1,248.1,1,1,U00154,2
2,0,2,1.5,U00155,2
1,0,1,3,U00156,0
2,106.195,2,2.5,U00157,0
1,0,1,1,U00158,2
2,26.93,2,1.5,U00159,2
1,327.99,1,1,U00160,2
11,55.05454545,7,2.181818182,U00161,1
1,0,1,3,U00162,0
1,0,1,2,U00163,2
2,0,1,2.5,U00164,0
4,104.955,4,2,U00165,2
15,16.592,9,1.933333333,U00166,1
1,0,1,1,U00167,2
1,326.02,1,2,U00168,0
13,43.62769231,11,2.076923077,U00169,1
3,0,3,1,U00170,2
2,0,1,1.5,U00171,2
1,0,1,2,U00172,2
14,78.20142857,10,1.714285714,U00173,1
1,212.39,1,3,U00174,0
2,245.45,2,1,U00175,2
1,0,1,1,U00176,2
14,109.0385714,9,1.714285714,U00177,1
14,16.90857143,10,1.928571429,U00178,1
2,243.96,2,2.5,U00179,0
1,0,1,2,U00180,2
1,299.57,1,1,U00181,2
1,0,1,2,U00182,2
1,0,1,2,U00183,2
1,0,1,3,U00184,0
1,57.32,1,3,U00185,0
2,163.01,2,2,U00186,2
1,472.28,1,1,U00187,2
1,0,1,3,U00188,0
1,0,1,3,U00189,0
1,487.92,1,3,U00190,0
12,188.225,8,1.833333333,U00191,1
14,48.57642857,9,1.785714286,U00192,1
1,0,1,3,U00193,0
1,0,1,2,U00194,2
1,346.71,1,3,U00195,0
1,394.26,1,2,U00196,0
1,0,1,2,U00197,2
12,103.5283333,7,1.75,U00198,1
1,0,1,2,U00199,2
4,67.4275,3,3,U00200,0
3,230.6266667,3,2,U00201,0
1,0,1,1,U00202,2
2,163.01,2,1.5,U00203,2
1,0,1,3,U00204,0
1,342.61,1,2,U00205,0
1,89.59,1,2,U00206,2
2,88.67,2,2,U00207,2
15,33.84133333,10,1.933333333,U00208,1
1,0,1,3,U00209,0
2,18.945,2,2.5,U00210,0
1,0,1,1,U00211,2
2,0,2,1,U00212,2
2,149.785,2,1.5,U00213,2
1,89.59,1,2,U00214,2
1,326.02,1,2,U00215,0
16,87.866875,10,1.75,U00216,1
1,37.89,1,3,U00217,0
1,0,1,2,U00218,2
1,0,1,1,U00219,2
15,20.02333333,11,1.733333333,U00220,1
1,0,1,3,U00221,0
1,0.78,1,3,U00222,0
1,0,1,2,U00223,2
1,490.9,1,1,U00224,2
1,0,1,2,U00225,2
1,346.71,1,3,U00226,0
2,0,2,1.5,U00227,2
1,117.68,1,3,U00228,0
2,0,2,2,U00229,2
2,59.52,2,1.5,U00230,2
2,106.585,2,3,U00231,0
1,0,1,3,U00232,0
1,119.04,1,2,U00233,2
2,163.01,2,2.5,U00234,0
3,157.4266667,2,1.666666667,U00235,2
1,394.26,1,2,U00236,0
1,0,1,3,U00237,0
15,124.8613333,10,1.933333333,U00238,1
1,0,1,1,U00239,2
2,0,2,2.5,U00240,0
2,0,2,1.5,U00241,2
2,133.465,2,2.5,U00242,0
1,177.34,1,3,U00243,0
1,276.37,1,3,U00244,0
1,0,1,1,U00245,2
1,472.28,1,1,U00246,2
1,0,1,3,U00247,0
1,0,1,3,U00248,0
1,0,1,1,U00249,2
1,342.61,1,2,U00250,0
13,100.8130769,9,1.538461538,U00251,1
1,0,1,3,U00252,0
1,0,1,2,U00253,2
1,0,1,1,U00254,2
1,394.26,1,2,U00255,0
1,0,1,1,U00256,2
1,0,1,2,U00257,2
1,117.68,1,3,U00258,0
1,342.61,1,2,U00259,0
15,163.0133333,9,2,U00260,1
1,0,1,1,U00261,2
1,0,1,2,U00262,2
4,0,4,2,U00263,2
3,0,3,2,U00264,2
14,149.1321429,9,2,U00265,1
1,212.39,1,3,U00266,0
4,226.6325,3,2.25,U00267,0
1,0,1,2,U00268,2
1,0,1,2,U00269,2
1,0,1,3,U00270,0
1,0,1,1,U00271,2
13,94.55384615,8,2.153846154,U00272,1
1,0,1,1,U00273,2
2,88.67,2,3,U00274,0
1,0,1,3,U00275,0
1,299.57,1,1,U00276,2
1,0,1,3,U00277,0
1,0,1,1,U00278,2
3,98.34,3,3,U00279,0
1,299.57,1,1,U00280,2
1,0,1,2,U00281,2
14,73.86928571,9,2.428571429,U00282,1
2,0,2,1,U00283,2
1,342.61,1,2,U00284,0
1,57.32,1,3,U00285,0
3,0,2,2.333333333,U00286,0
2,0,2,2.5,U00287,0
1,0,1,2,U00288,2
1,0.78,1,3,U00289,0
3,19.10666667,3,2,U00290,2
3,92.12333333,3,2,U00291,2
12,80.46833333,8,1.916666667,U00292,1
13,109.7292308,9,2.153846154,U00293,1
1,0,1,2,U00294,2
1,0,1,1,U00295,2
2,88.67,2,2.5,U00296,0
1,0,1,1,U00297,2
14,144.3157143,7,2.142857143,U00298,1
1,0,1,3,U00299,0
2,243.96,2,2,U00300,0
14,85.81642857,9,1.785714286,U00301,1
1,37.89,1,3,U00302,0
14,77.56714286,7,2.142857143,U00303,1
1,327.99,1,1,U00304,2
1,0,1,1,U00305,2
1,0,1,1,U00306,2
1,0,1,2,U00307,2
4,197.6175,4,1,U00308,2
1,342.61,1,2,U00309,0
11,42.28818182,8,2.363636364,U00310,1
1,0,1,3,U00311,0
1,0,1,2,U00312,2
1,0,1,2,U00313,2
3,0,2,1,U00314,2
12,81.02416667,9,1.916666667,U00315,1
2,0,2,1.5,U00316,2
3,19.10666667,3,2.666666667,U00317,0
1,326.02,1,2,U00318,0
1,346.71,1,3,U00319,0
1,285.05,1,1,U00320,2
14,130.21,8,1.928571429,U00321,1
14,44.73571429,7,1.642857143,U00322,1
15,63.266,8,2.266666667,U00323,1
1,0,1,1,U00324,2
1,0,1,3,U00325,0
1,0,1,1,U00326,2
4,44.335,3,2,U00327,2
15,87.99266667,8,1.6,U00328,1
12,136.035,8,1.583333333,U00329,1
14,90.61571429,8,2.142857143,U00330,1
1,276.37,1,3,U00331,0
1,0,1,3,U00332,0
1,0,1,3,U00333,0
13,68.27076923,9,1.846153846,U00334,1
1,0,1,1,U00335,2
1,0,1,1,U00336,2
1,0,1,2,U00337,2
14,59.48357143,8,1.785714286,U00338,1
16,130.476875,10,2.0625,U00339,1
14,87.17285714,8,2,U00340,1
1,0,1,3,U00341,0
1,0,1,2,U00342,2
1,0,1,1,U00343,2
1,0,1,2,U00344,2
15,91.14733333,9,1.8,U00345,1
3,108.6733333,3,1.666666667,U00346,2
2,173.355,2,2.5,U00347,0
1,299.57,1,1,U00348,2
1,0,1,1,U00349,2
2,44.795,2,1.5,U00350,2
13,59.77692308,8,2.076923077,U00351,1
15,67.31266667,10,1.933333333,U00352,1
14,65.59357143,10,2,U00353,1
2,0,1,1.5,U00354,2
1,0,1,3,U00355,0
15,41.27733333,10,2.2,U00356,1
15,146.132,10,1.733333333,U00357,1
1,0,1,2,U00358,2
1,0,1,1,U00359,2
1,0,1,2,U00360,2
1,0,1,2,U00361,2
13,85.61769231,8,2.230769231,U00362,1
1,0,1,3,U00363,0
1,0,1,1,U00364,2
13,38.48307692,7,2.230769231,U00365,1
2,0,2,1.5,U00366,2
1,0,1,3,U00367,0
1,0,1,3,U00368,0
4,0,4,2.5,U00369,0
2,303.48,2,2.5,U00370,0
1,0,1,2,U00371,2
1,0.78,1,3,U00372,0
1,0,1,3,U00373,0
1,0,1,1,U00374,2
1,326.02,1,2,U00375,0
1,0,1,1,U00376,2
1,177.34,1,3,U00377,0
2,0,2,2.5,U00378,0
14,218.1692857,8,1.785714286,U00379,1
1,0.78,1,3,U00380,0
1,0,1,3,U00381,0
3,131.42,3,2,U00382,2
15,111.2266667,10,2.066666667,U00383,1
2,149.785,2,2,U00384,2
1,0,1,2,U00385,2
2,149.785,2,1,U00386,2
1,0.78,1,3,U00387,0
1,342.61,1,2,U00388,0
1,0,1,2,U00389,2
3,0,2,1.666666667,U00390,2
1,0,1,2,U00391,2
1,327.99,1,1,U00392,2
1,0,1,1,U00393,2
11,3.515454545,7,2,U00394,1
1,0,1,1,U00395,2
2,0,2,2,U00396,2
1,37.89,1,3,U00397,0
3,39.22666667,3,2,U00398,2
12,137.3633333,8,2.166666667,U00399,1
2,0,2,2,U00400,2
2,0,2,1.5,U00401,2
2,0,2,3,U00402,0
1,0,1,2,U00403,2
14,115.5457143,10,2.214285714,U00404,1
2,344.66,1,2.5,U00405,0
15,94.496,11,1.8,U00406,1
15,107.4653333,10,1.933333333,U00407,1
1,0,1,3,U00408,0
2,0,2,2.5,U00409,0
1,0,1,3,U00410,0
12,65.80583333,8,2.333333333,U00411,1
4,59.18,3,2,U00412,2
2,236.14,2,1.5,U00413,2
1,0,1,3,U00414,0
13,61.92230769,7,2,U00415,1
2,0,2,1,U00416,2
2,0,2,1,U00417,2
3,176.2633333,3,1.666666667,U00418,2
1,0.78,1,3,U00419,0
1,327.99,1,1,U00420,2
1,0,1,3,U00421,0
3,95.01666667,3,1.666666667,U00422,2
12,133.435,6,1.833333333,U00423,1
11,110.3381818,7,2.090909091,U00424,1
1,490.9,1,1,U00425,2
4,118.07,3,1,U00426,2
16,85.889375,9,1.9375,U00427,1
1,0,1,3,U00428,0
1,0,1,2,U00429,2
1,487.92,1,3,U00430,0
1,487.92,1,3,U00431,0
1,0,1,3,U00432,0
1,276.37,1,3,U00433,0
1,177.34,1,3,U00434,0
1,119.04,1,2,U00435,2
1,490.9,1,1,U00436,2
3,0,3,1.666666667,U00437,2
14,45.23285714,10,2.214285714,U00438,1
1,0,1,3,U00439,0
1,0,1,3,U00440,0
1,37.89,1,3,U00441,0
1,285.05,1,1,U00442,2
2,489.41,2,2,U00443,0
13,120.6292308,10,2.384615385,U00444,1
1,285.05,1,1,U00445,2
2,26.93,2,1,U00446,2
1,0,1,2,U00447,2
3,0,2,1.666666667,U00448,2
14,94.86,10,2,U00449,1
12,105.2033333,7,2.25,U00450,1
1,248.1,1,1,U00451,2
3,19.10666667,3,3,U00452,0
1,490.9,1,1,U00453,2
4,189.53,3,1.5,U00454,2
3,0,3,1.333333333,U00455,2
2,0,2,1.5,U00456,2
2,18.945,2,3,U00457,0
4,51.8175,4,2.5,U00458,0
1,0,1,2,U00459,2
2,207.755,2,1.5,U00460,2
2,245.45,2,1.5,U00461,2
2,163.01,2,2.5,U00462,0
1,0,1,2,U00463,2
12,85.33833333,7,1.833333333,U00464,1
1,0.78,1,3,U00465,0
2,106.195,2,2.5,U00466,0
1,0,1,3,U00467,0
1,0,1,1,U00468,2
2,0,2,2,U00469,2
1,89.59,1,2,U00470,2
1,0,1,1,U00471,2
1,0,1,1,U00472,2
3,114.2033333,3,1.333333333,U00473,2
1,57.32,1,3,U00474,0
3,201.4533333,3,2,U00475,0
2,138.185,2,3,U00476,0
1,37.89,1,3,U00477,0
2,28.66,2,2.5,U00478,0
2,0,2,2,U00479,2
1,0,1,2,U00480,2
1,326.02,1,2,U00481,0
1,0,1,2,U00482,2
1,487.92,1,3,U00483,0
2,0,2,2,U00484,2
1,0,1,1,U00485,2
2,0,2,2,U00486,2
2,0,1,1.5,U00487,2
2,59.52,2,2.5,U00488,0
3,149.3733333,3,1.333333333,U00489,2
1,0,1,3,U00490,0
1,394.26,1,2,U00491,0
1,177.34,1,3,U00492,0
1,0,1,2,U00493,2
13,77.46153846,10,2.153846154,U00494,1
2,142.525,2,1,U00495,2
1,0,1,3,U00496,0
3,0,2,1,U00497,2
3,0,3,2,U00498,2
1,415.51,1,2,U00499,0
2,295.355,2,1.5,U00500,2
1,0,1,2,U00501,2
2,0.39,2,2,U00502,2
2,0,2,1,U00503,2
2,0,2,1.5,U00504,2
1,0,1,2,U00505,2
1,0,1,2,U00506,2
2,88.67,2,2.5,U00507,0
1,0,1,1,U00508,2
1,0,1,1,U00509,2
1,0,1,3,U00510,0
1,0,1,3,U00511,0
2,163.01,2,2.5,U00512,0
1,0,1,1,U00513,2
3,196.6533333,2,1.666666667,U00514,2
2,0,2,2.5,U00515,0
1,177.34,1,3,U00516,0
1,0,1,2,U00517,2
1,415.51,1,2,U00518,0
1,0,1,2,U00519,2
1,0,1,2,U00520,2
1,0,1,3,U00521,0
1,0,1,1,U00522,2
1,342.61,1,2,U00523,0
2,59.52,1,1.5,U00524,2
1,0,1,2,U00525,2
1,0,1,1,U00526,2
2,0,2,2.5,U00527,0
1,0,1,1,U00528,2
2,0,2,2,U00529,2
1,53.86,1,1,U00530,2
2,197.13,2,1.5,U00531,2
1,472.28,1,1,U00532,2
2,0,2,2.5,U00533,0
4,44.335,4,2,U00534,2
2,207.755,2,2,U00535,0
1,0,1,2,U00536,2
2,173.355,2,3,U00537,0
1,0,1,3,U00538,0
1,299.57,1,1,U00539,2
1,53.86,1,1,U00540,2
3,110.0233333,3,3,U00541,0
1,0,1,3,U00542,0
13,105.4784615,10,1.769230769,U00543,1
1,0,1,1,U00544,2
1,0,1,1,U00545,2
1,0,1,2,U00546,2
1,177.34,1,3,U00547,0
14,137.2892857,9,2.214285714,U00548,1
1,53.86,1,1,U00549,2
2,0,2,3,U00550,0
4,58.665,4,2,U00551,2
2,0,2,1,U00552,2
2,0,2,3,U00553,0
1,285.05,1,1,U00554,2
1,415.51,1,2,U00555,0
14,93.98,9,1.857142857,U00556,1
2,0.39,2,3,U00557,0
1,0,1,1,U00558,2
11,65.38272727,9,1.818181818,U00559,1
2,395.235,2,1,U00560,2
1,0,1,1,U00561,2
15,106.5633333,10,2.066666667,U00562,1
2,0,2,2,U00563,2
1,53.86,1,1,U00564,2
2,124.05,2,1,U00565,2
2,0.39,2,2.5,U00566,0
1,285.05,1,1,U00567,2
1,0,1,3,U00568,0
14,75.96071429,7,2.285714286,U00569,1
14,55.54785714,9,1.785714286,U00570,1
2,0,2,1,U00571,2
13,43.63692308,9,2.076923077,U00572,1
11,95.20818182,8,2,U00573,1
14,55.68642857,9,2.428571429,U00574,1
1,0,1,2,U00575,2
13,77.05692308,9,2.230769231,U00576,1
1,342.61,1,2,U00577,0
1,0,1,2,U00578,2
1,0,1,1,U00579,2
3,0,3,1.333333333,U00580,2
2,44.795,2,2.5,U00581,0
1,0,1,1,U00582,2
1,0,1,3,U00583,0
14,182.8464286,8,2.214285714,U00584,1
2,0,2,1,U00585,2
1,299.57,1,1,U00586,2
2,173.355,2,2,U00587,2
1,57.32,1,3,U00588,0
1,0,1,3,U00589,0
1,0,1,3,U00590,0
2,0,2,1.5,U00591,2
14,68.79857143,8,1.714285714,U00592,1
2,44.795,2,2.5,U00593,0
1,0,1,1,U00594,2
14,76.81857143,9,1.928571429,U00595,1
2,88.67,2,2,U00596,2
1,248.1,1,1,U00597,2
1,415.51,1,2,U00598,0
1,0,1,2,U00599,2
1,0,1,1,U00600,2
1,0,1,3,U00601,0
3,0,3,1.333333333,U00602,2
2,0.39,2,2.5,U00603,0
14,47.31714286,9,2,U00604,1
3,39.22666667,3,2,U00605,2
2,0,2,2,U00606,2
2,142.995,2,2,U00607,2
1,0,1,2,U00608,2
4,81.9975,4,2,U00609,2
1,0,1,3,U00610,0
2,207.755,2,2,U00611,0
1,57.32,1,3,U00612,0
2,245.45,2,1,U00613,2
1,0,1,1,U00614,2
1,0,1,3,U00615,0
2,0,2,1.5,U00616,2
1,0,1,2,U00617,2
1,0,1,1,U00618,2
12,53.05416667,9,2.166666667,U00619,1
1,0,1,3,U00620,0
2,0,2,2,U00621,2
13,40.31153846,8,2.230769231,U00622,1
2,59.52,2,2,U00623,2
2,0,2,1,U00624,2
4,98.565,3,2.25,U00625,0
1,177.34,1,3,U00626,0
4,121.98,3,1.75,U00627,2
2,236.14,2,1,U00628,2
1,0,1,3,U00629,0
3,98.79333333,2,2,U00630,2
2,0,2,2.5,U00631,0
1,0,1,3,U00632,0
14,84.10357143,9,2.357142857,U00633,1
3,92.12333333,2,3,U00634,0
1,0,1,2,U00635,2
13,130.9023077,10,1.923076923,U00636,1
2,264.8,2,2,U00637,0
2,28.66,1,3,U00638,0
14,72.20428571,8,2.142857143,U00639,1
1,490.9,1,1,U00640,2
1,342.61,1,2,U00641,0
2,0,2,2,U00642,2
1,327.99,1,1,U00643,2
1,0,1,1,U00644,2
1,299.57,1,1,U00645,2
1,0,1,1,U00646,2
1,487.92,1,3,U00647,0
2,236.14,2,1.5,U00648,2
1,415.51,1,2,U00649,0
1,0,1,2,U00650,2
4,74.095,3,1.75,U00651,2
2,197.13,2,1.5,U00652,2
1,346.71,1,3,U00653,0
2,26.93,2,1,U00654,2
1,53.86,1,1,U00655,2
1,0,1,1,U00656,2
1,89.59,1,2,U00657,2
1,0,1,2,U00658,2
2,0,2,1,U00659,2
2,288.755,2,2.5,U00660,0
4,53.0975,3,2,U00661,2
1,285.05,1,1,U00662,2
1,285.05,1,1,U00663,2
1,117.68,1,3,U00664,0
1,37.89,1,3,U00665,0
12,80.81,9,2.25,U00666,1
2,106.195,2,3,U00667,0
2,0,2,2,U00668,2
1,248.1,1,1,U00669,2
2,0,2,1.5,U00670,2
1,0,1,3,U00671,0
1,0,1,2,U00672,2
2,190.25,2,2.5,U00673,0
1,0,1,3,U00674,0
1,0,1,3,U00675,0
2,0,2,3,U00676,0
1,415.51,1,2,U00677,0
1,0,1,1,U00678,2
1,276.37,1,3,U00679,0
1,487.92,1,3,U00680,0
2,0,2,2.5,U00681,0
1,0,1,1,U00682,2
1,0,1,3,U00683,0
3,0,2,2.333333333,U00684,0
1,487.92,1,3,U00685,0
1,0,1,1,U00686,2
15,118.366,11,1.933333333,U00687,1
2,0.39,1,3,U00688,0
2,0,2,2.5,U00689,0
1,0,1,2,U00690,2
1,0,1,3,U00691,0
1,0,1,2,U00692,2
1,57.32,1,3,U00693,0
1,0,1,2,U00694,2
1,0,1,3,U00695,0
1,0,1,2,U00696,2
1,0,1,1,U00697,2
2,18.945,2,3,U00698,0
2,0,2,2.5,U00699,0
1,117.68,1,3,U00700,0
14,102.5478571,10,2.071428571,U00701,1
3,0,3,2.333333333,U00702,0
3,156.4566667,3,2,U00703,2
13,117.5569231,8,1.923076923,U00704,1
1,0,1,3,U00705,0
2,393.745,2,2,U00706,0
1,0,1,1,U00707,2
1,0,1,2,U00708,2
14,74.49428571,10,2,U00709,1
1,248.1,1,1,U00710,2
2,163.995,2,1,U00711,2
2,0,2,2.5,U00712,0
1,472.28,1,1,U00713,2
3,0,3,1.333333333,U00714,2
1,0,1,3,U00715,0
4,73.755,3,2.25,U00716,0
1,0,1,2,U00717,2
2,142.525,2,1,U00718,2
1,117.68,1,3,U00719,0
1,415.51,1,2,U00720,0
1,0,1,3,U00721,0
3,92.12333333,3,2.333333333,U00722,0
14,86.69,10,2,U00723,1
15,91.72066667,9,2.066666667,U00724,1
1,0,1,1,U00725,2
1,472.28,1,1,U00726,2
4,97.4325,3,3,U00727,0
1,0,1,2,U00728,2
2,0,2,2,U00729,2
2,243.96,2,3,U00730,0
2,142.525,2,1,U00731,2
1,394.26,1,2,U00732,0
1,0,1,3,U00733,0
4,74.8925,3,2.25,U00734,0
2,106.195,2,3,U00735,0
1,0,1,2,U00736,2
2,103.635,2,2.5,U00737,0
3,83.42666667,3,2.333333333,U00738,0
1,0,1,2,U00739,2
1,327.99,1,1,U00740,2
4,115.4125,3,1.75,U00741,2
1,327.99,1,1,U00742,2
4,9.4725,3,2,U00743,2
1,0,1,3,U00744,0
2,0,2,3,U00745,0
2,138.185,2,3,U00746,0
1,0,1,1,U00747,2
2,0,2,3,U00748,0
1,0,1,2,U00749,2
1,487.92,1,3,U00750,0
1,0,1,1,U00751,2
13,128.2038462,9,2,U00752,1
2,0,2,1.5,U00753,2
1,490.9,1,1,U00754,2
1,0,1,2,U00755,2
1,0,1,2,U00756,2
1,53.86,1,1,U00757,2
1,0,1,3,U00758,0
1,0.78,1,3,U00759,0
13,121.8223077,9,1.538461538,U00760,1
1,0,1,1,U00761,2
1,346.71,1,3,U00762,0
1,0,1,2,U00763,2
2,0,1,3,U00764,0
11,108,7,2.090909091,U00765,1
3,0,2,2.333333333,U00766,0
14,109.2514286,10,2.285714286,U00767,1
2,0,2,2,U00768,2
1,0,1,3,U00769,0
1,0,1,2,U00770,2
1,285.05,1,1,U00771,2
13,26.35461538,9,2,U00772,1
1,119.04,1,2,U00773,2
1,0,1,3,U00774,0
14,99.38571429,8,1.714285714,U00775,1
1,490.9,1,1,U00776,2
4,249.97,4,2,U00777,0
2,0,2,2.5,U00778,0
1,0,1,3,U00779,0
1,0,1,2,U00780,2
1,0,1,2,U00781,2
1,0,1,3,U00782,0
2,28.66,2,2.5,U00783,0
2,149.785,2,1,U00784,2
1,0,1,2,U00785,2
13,91.82307692,8,2.307692308,U00786,1
9,56.68555556,6,1.666666667,U00787,1
2,0,2,1.5,U00788,2
2,18.945,2,2,U00789,2
2,173.745,2,3,U00790,0
2,44.795,2,2,U00791,2
1,346.71,1,3,U00792,0
4,53.0975,3,2.25,U00793,0
2,0,2,2,U00794,2
3,95.01666667,3,1,U00795,2
2,106.195,2,2,U00796,2
3,0,3,2.333333333,U00797,0
1,0,1,3,U00798,0
2,0,2,1,U00799,2
2,207.755,2,2,U00800,0
2,207.755,2,2,U00801,0
2,59.52,2,2.5,U00802,0
3,92.12333333,3,2.666666667,U00803,0
2,44.795,2,1.5,U00804,2
1,0,1,2,U00805,2
1,0,1,1,U00806,2
1,342.61,1,2,U00807,0
1,0,1,1,U00808,2
1,490.9,1,1,U00809,2
1,276.37,1,3,U00810,0
3,162.64,2,1.666666667,U00811,2
3,95.01666667,2,1.666666667,U00812,2
4,0,4,2,U00813,2
1,0,1,3,U00814,0
2,207.755,2,2,U00815,0
3,29.86333333,3,2,U00816,2
1,0,1,1,U00817,2
1,0,1,3,U00818,0
14,81.67214286,9,2,U00819,1
3,162.64,3,2,U00820,2
13,122.8692308,11,1.692307692,U00821,1
1,0,1,2,U00822,2
1,212.39,1,3,U00823,0
1,0,1,2,U00824,2
3,162.64,3,2.666666667,U00825,0
1,53.86,1,1,U00826,2
2,0,2,2,U00827,2
3,197.6166667,3,2.333333333,U00828,0
16,83.644375,8,1.75,U00829,1
1,326.02,1,2,U00830,0
2,0,2,2,U00831,2
1,0,1,1,U00832,2
3,0,3,2.333333333,U00833,0
1,0,1,1,U00834,2
1,0,1,2,U00835,2
15,62.11333333,9,1.733333333,U00836,1
4,71.2625,3,1.5,U00837,2
12,85.59916667,8,2.083333333,U00838,1
1,0,1,1,U00839,2
3,131.42,3,1.666666667,U00840,2
1,0,1,2,U00841,2
2,44.795,2,1.5,U00842,2
1,276.37,1,3,U00843,0
1,0,1,2,U00844,2
1,53.86,1,1,U00845,2
1,57.32,1,3,U00846,0
1,0,1,2,U00847,2
4,103.8775,3,2,U00848,2
2,124.05,1,1,U00849,2
15,59.86333333,9,2.4,U00850,1
1,0,1,2,U00851,2
13,121.4723077,8,2,U00852,1
2,0,2,2,U00853,2
2,149.785,2,2,U00854,2
1,0,1,1,U00855,2
1,0,1,1,U00856,2
1,0,1,1,U00857,2
15,26.43133333,8,1.8,U00858,1
1,0,1,2,U00859,2
1,490.9,1,1,U00860,2
1,0,1,2,U00861,2
1,487.92,1,3,U00862,0
1,0,1,1,U00863,2
1,0,1,3,U00864,0
1,285.05,1,1,U00865,2
1,0,1,2,U00866,2
1,0,1,3,U00867,0
1,0,1,1,U00868,2
1,0,1,3,U00869,0
15,64.40933333,10,2.133333333,U00870,1
2,0,2,2.5,U00871,0
1,0,1,1,U00872,2
1,0,1,3,U00873,0
12,181.3116667,10,2,U00874,1
1,57.32,1,3,U00875,0
14,168.0357143,11,2.142857143,U00876,1
1,490.9,1,1,U00877,2
1,177.34,1,3,U00878,0
3,129.72,3,1.666666667,U00879,2
1,177.34,1,3,U00880,0
16,168.96,10,1.8125,U00881,1
1,0,1,1,U00882,2
3,157.4266667,3,1.666666667,U00883,2
1,487.92,1,3,U00884,0
1,117.68,1,3,U00885,0
2,0,2,1.5,U00886,2
1,0,1,1,U00887,2
4,122.92,3,2,U00888,2
1,0,1,2,U00889,2
2,149.785,2,1,U00890,2
2,0,2,2.5,U00891,0
4,0,4,2,U00892,2
12,105.9375,9,2.083333333,U00893,1
3,170.6466667,3,2.333333333,U00894,0
4,137.055,3,2.5,U00895,0
4,29.615,4,2.5,U00896,0
1,177.34,1,3,U00897,0
12,55.26833333,8,1.75,U00898,1
1,0,1,3,U00899,0
2,59.52,2,2,U00900,2
1,0,1,2,U00901,2
2,124.05,2,1,U00902,2
13,95.28615385,9,2.153846154,U00903,1
1,0,1,1,U00904,2
1,0,1,3,U00905,0
1,299.57,1,1,U00906,2
12,170.6816667,8,1.75,U00907,1
1,0,1,2,U00908,2
1,0,1,1,U00909,2
3,122.38,3,1.333333333,U00910,2
10,99.665,7,1.9,U00911,1
1,0,1,2,U00912,2
1,57.32,1,3,U00913,0
1,0,1,2,U00914,2
13,103.3546154,8,1.615384615,U00915,1
1,0,1,2,U00916,2
15,87.994,11,2.266666667,U00917,1
1,299.57,1,1,U00918,2
14,101.095,8,2,U00919,1
1,0,1,2,U00920,2
1,487.92,1,3,U00921,0
2,0,2,2,U00922,2
3,170.6466667,3,2,U00923,2
1,0,1,3,U00924,0
2,245.45,2,1.5,U00925,2
2,171.305,2,1.5,U00926,2
2,0,2,3,U00927,0
12,87.54,9,2,U00928,1
4,111.12,3,2.5,U00929,0
3,178.1833333,3,2,U00930,2
1,117.68,1,3,U00931,0
1,57.32,1,3,U00932,0
1,0,1,1,U00933,2
1,0,1,1,U00934,2
1,0,1,1,U00935,2
1,0,1,1,U00936,2
1,0,1,3,U00937,0
1,0,1,1,U00938,2
1,0,1,2,U00939,2
1,0,1,2,U00940,2
2,142.525,2,1.5,U00941,2
1,0,1,1,U00942,2
2,0,2,3,U00943,0
1,117.68,1,3,U00944,0
1,0,1,1,U00945,2
1,0,1,2,U00946,2
1,0,1,1,U00947,2
3,0,3,1.666666667,U00948,2
4,0,3,1.75,U00949,2
1,0,1,2,U00950,2
2,171.305,2,2,U00951,2
2,0,2,2,U00952,2
3,29.86333333,3,2.333333333,U00953,0
2,0,2,2.5,U00954,0
3,0,2,2.666666667,U00955,0
1,327.99,1,1,U00956,2
3,70.79666667,2,2.333333333,U00957,0
2,0,1,1.5,U00958,2
13,111.0807692,9,2.076923077,U00959,1
1,0,1,3,U00960,0
14,88.78071429,9,1.928571429,U00961,1
1,0,1,3,U00962,0
2,0,2,2.5,U00963,0
1,0,1,3,U00964,0
1,0,1,1,U00965,2
1,0,1,2,U00966,2
14,58.33928571,8,1.928571429,U00967,1
2,0,2,1.5,U00968,2
1,248.1,1,1,U00969,2
1,285.05,1,1,U00970,2
3,163.6333333,3,2,U00971,2
4,147.83,4,1.25,U00972,2
1,57.32,1,3,U00973,0
1,0,1,2,U00974,2
1,0,1,1,U00975,2
12,121.8858333,9,2.166666667,U00976,1
1,0,1,3,U00977,0
1,0,1,1,U00978,2
3,0,3,1.666666667,U00979,2
1,0,1,3,U00980,0
13,110.5546154,9,2.384615385,U00981,1
1,346.71,1,3,U00982,0
1,0,1,3,U00983,0
1,415.51,1,2,U00984,0
1,0,1,3,U00985,0
2,0,1,2,U00986,2
1,0,1,1,U00987,2
1,0,1,3,U00988,0
12,82.80166667,9,2.25,U00989,1
1,0,1,2,U00990,2
1,89.59,1,2,U00991,2
4,238.0775,4,2.5,U00992,0
1,326.02,1,2,U00993,0
1,0,1,2,U00994,2
2,0,2,2,U00995,2
1,0,1,2,U00996,2
15,30.69933333,8,2.2,U00997,1
2,163.995,2,1.5,U00998,2
1,0,1,1,U00999,2
12,95.95166667,7,2.25,U01000,1
1,0,1,2,U01001,2
1,0,1,3,U01002,0
1,0,1,3,U01003,0
1,415.51,1,2,U01004,0
1,119.04,1,2,U01005,2
2,18.945,2,2.5,U01006,0
1,0,1,2,U01007,2
2,0,2,1.5,U01008,2
1,0.78,1,3,U01009,0
1,0,1,3,U01010,0
1,248.1,1,1,U01011,2
1,327.99,1,1,U01012,2
3,99.85666667,3,2.333333333,U01013,0
3,0,3,2.333333333,U01014,0
15,79.52266667,9,2.133333333,U01015,1
2,28.66,2,3,U01016,0
2,305.535,1,1.5,U01017,2
1,0,1,1,U01018,2
1,0,1,1,U01019,2
12,97.42916667,9,2,U01020,1
2,0,2,1,U01021,2
13,66.86923077,10,1.769230769,U01022,1
2,0,2,1.5,U01023,2
3,162.64,2,2,U01024,2
1,490.9,1,1,U01025,2
1,0,1,1,U01026,2
2,0,2,1,U01027,2
2,163.995,2,1,U01028,2
1,119.04,1,2,U01029,2
1,0,1,2,U01030,2
13,118.4138462,8,2.076923077,U01031,1
14,99.255,10,2.071428571,U01032,1
13,140.8076923,7,2,U01033,1
12,12.4225,7,2,U01034,1
3,257.6566667,2,2.333333333,U01035,0
1,0,1,3,U01036,0
1,415.51,1,2,U01037,0
1,342.61,1,2,U01038,0
1,0,1,1,U01039,2
1,285.05,1,1,U01040,2
1,0,1,3,U01041,0
1,0,1,2,U01042,2
4,14.33,3,2.5,U01043,0
1,0,1,3,U01044,0
2,0,2,1.5,U01045,2
1,53.86,1,1,U01046,2
1,0,1,1,U01047,2
1,0,1,3,U01048,0
2,0,1,1.5,U01049,2
1,0,1,2,U01050,2
2,0,2,3,U01051,0
2,0,2,1.5,U01052,2
1,0,1,2,U01053,2
2,0,2,3,U01054,0
1,0,1,2,U01055,2
2,0.39,2,2.5,U01056,0
1,0,1,2,U01057,2
2,303.325,2,2.5,U01058,0
1,0,1,2,U01059,2
1,119.04,1,2,U01060,2
2,171.305,1,1.5,U01061,2
1,0,1,3,U01062,0
1,0,1,3,U01063,0
2,243.96,2,2,U01064,0
4,81.9975,4,2,U01065,2
12,80.8475,7,2,U01066,1
1,0,1,2,U01067,2
2,0,2,1.5,U01068,2
1,0,1,1,U01069,2
1,0,1,1,U01070,2
2,248.72,2,2,U01071,0
1,327.99,1,1,U01072,2
2,374.325,2,2,U01073,0
1,0,1,3,U01074,0
2,245.45,2,1,U01075,2
1,0,1,3,U01076,0
2,245.45,2,1,U01077,2
2,0,2,3,U01078,0
13,2.914615385,7,2,U01079,1
1,117.68,1,3,U01080,0
1,326.02,1,2,U01081,0
1,0,1,2,U01082,2
15,118.636,11,2.2,U01083,1
13,166.5984615,8,1.769230769,U01084,1
2,59.52,2,2,U01085,2
1,117.68,1,3,U01086,0
1,299.57,1,1,U01087,2
2,225.79,2,2.5,U01088,0
1,0,1,1,U01089,2
2,0,2,2,U01090,2
2,0,2,2,U01091,2
15,141.3106667,9,1.866666667,U01092,1
1,0,1,1,U01093,2
2,142.525,2,1.5,U01094,2
1,0,1,1,U01095,2
16,48.1075,7,2.0625,U01096,1
1,0,1,3,U01097,0
4,295.4375,3,2.25,U01098,0
1,0,1,3,U01099,0
3,0,3,2.333333333,U01100,0
1,0,1,3,U01101,0
2,138.185,2,2,U01102,2
4,98.565,4,2.75,U01103,0
1,0.78,1,3,U01104,0
1,0,1,3,U01105,0
1,327.99,1,1,U01106,2
1,0,1,1,U01107,2
4,69.0925,4,1.75,U01108,2
1,0,1,3,U01109,0
2,18.945,1,3,U01110,0
1,0,1,1,U01111,2
1,212.39,1,3,U01112,0
1,487.92,1,3,U01113,0
1,0,1,2,U01114,2
1,327.99,1,1,U01115,2
1,0,1,3,U01116,0
1,0,1,2,U01117,2
1,119.04,1,2,U01118,2
1,0,1,2,U01119,2
1,117.68,1,3,U01120,0
1,117.68,1,3,U01121,0
2,106.195,1,2,U01122,2
15,114.684,10,1.866666667,U01123,1
3,114.2033333,3,2.666666667,U01124,0
2,0,2,2.5,U01125,0
2,0,2,1.5,U01126,2
3,39.68,3,2.333333333,U01127,0
2,0,2,1.5,U01128,2
1,326.02,1,2,U01129,0
1,53.86,1,1,U01130,2
3,0.26,3,2.333333333,U01131,0
4,106.36,3,1.75,U01132,2
1,0,1,1,U01133,2
3,0,3,2,U01134,2
1,0,1,3,U01135,0
1,212.39,1,3,U01136,0
2,243.96,2,2,U01137,0
1,89.59,1,2,U01138,2
1,0,1,1,U01139,2
1,119.04,1,2,U01140,2
1,276.37,1,3,U01141,0
2,0,2,2,U01142,2
14,72.72785714,10,2.142857143,U01143,1
2,173.355,2,2.5,U01144,0
1,472.28,1,1,U01145,2
13,13.70153846,9,2.076923077,U01146,1
1,0,1,2,U01147,2
2,0,2,2.5,U01148,0
4,315.9675,3,1.75,U01149,2
1,53.86,1,1,U01150,2
14,77.51142857,8,1.928571429,U01151,1
1,346.71,1,3,U01152,0
1,342.61,1,2,U01153,0
2,0,2,2,U01154,2
4,53.0975,4,2.5,U01155,0
2,0,2,2,U01156,2
4,121.98,4,2.5,U01157,0
12,101.1608333,10,1.666666667,U01158,1
1,0,1,2,U01159,2
4,66.5625,4,2,U01160,2
1,0,1,2,U01161,2
1,0,1,3,U01162,0
13,132.3030769,4,2.230769231,U01163,1
1,0,1,3,U01164,0
2,173.355,2,2.5,U01165,0
2,142.525,2,2,U01166,2
11,58.69909091,9,2.454545455,U01167,1
1,37.89,1,3,U01168,0
1,0,1,2,U01169,2
14,195.6457143,8,2,U01170,1
1,327.99,1,1,U01171,2
3,100.66,3,2.333333333,U01172,0
3,115.57,3,3,U01173,0
1,89.59,1,2,U01174,2
1,0,1,3,U01175,0
3,0,3,1.666666667,U01176,2
13,41.45076923,9,1.769230769,U01177,1
2,0,2,1.5,U01178,2
2,297.405,2,2,U01179,0
13,131.3530769,10,2.307692308,U01180,1
1,0,1,1,U01181,2
3,127.78,3,2,U01182,2
2,0,2,2,U01183,2
1,53.86,1,1,U01184,2
2,335.315,2,2.5,U01185,0
1,0,1,1,U01186,2
1,0,1,3,U01187,0
1,0,1,2,U01188,2
1,0,1,2,U01189,2
1,0,1,1,U01190,2
1,472.28,1,1,U01191,2
1,0,1,2,U01192,2
2,243.96,2,3,U01193,0
1,0,1,1,U01194,2
1,487.92,1,3,U01195,0
2,138.575,2,3,U01196,0
14,45.21071429,9,2.142857143,U01197,1
1,0,1,3,U01198,0
1,0,1,3,U01199,0
1,0,1,1,U01200,2
1,177.34,1,3,U01201,0
1,0,1,3,U01202,0
16,114.225625,11,2.3125,U01203,1
3,0,2,2.666666667,U01204,0
2,165.035,2,3,U01205,0
1,37.89,1,3,U01206,0
1,0,1,2,U01207,2
1,0,1,2,U01208,2
2,0,2,1,U01209,2
1,0,1,3,U01210,0
1,490.9,1,1,U01211,2
1,0,1,3,U01212,0
1,177.34,1,3,U01213,0
1,0,1,3,U01214,0
1,490.9,1,1,U01215,2
1,37.89,1,3,U01216,0
1,0,1,2,U01217,2
1,487.92,1,3,U01218,0
1,117.68,1,3,U01219,0
1,285.05,1,1,U01220,2
13,95.88615385,8,2,U01221,1
3,138.5033333,2,2,U01222,2
1,0,1,2,U01223,2
11,151.1518182,8,2.363636364,U01224,1
2,0,2,2,U01225,2
2,138.185,2,2,U01226,2
1,327.99,1,1,U01227,2
4,108.0375,3,2.25,U01228,0
2,0,2,1.5,U01229,2
3,12.63,3,2,U01230,2
14,128.1907143,9,2.071428571,U01231,1
1,0,1,1,U01232,2
11,142.2318182,8,1.636363636,U01233,1
1,0,1,3,U01234,0
14,118.5078571,9,2.285714286,U01235,1
1,0,1,2,U01236,2
13,98.41692308,8,1.692307692,U01237,1
1,0,1,2,U01238,2
12,181.8891667,9,1.833333333,U01239,1
1,0,1,3,U01240,0
2,0,2,3,U01241,0
2,18.945,2,3,U01242,0
2,163.01,2,2.5,U01243,0
14,130.6728571,11,2.5,U01244,1
1,0,1,1,U01245,2
2,0,2,2.5,U01246,0
1,0,1,2,U01247,2
2,0.39,2,3,U01248,0
14,145.1078571,9,1.571428571,U01249,1
15,38.55666667,10,2,U01250,1
2,0,2,3,U01251,0
1,415.51,1,2,U01252,0
1,212.39,1,3,U01253,0
1,0,1,3,U01254,0
4,44.53,4,3,U01255,0
1,0,1,2,U01256,2
2,0,2,2.5,U01257,0
4,209.4025,4,1.75,U01258,2
1,394.26,1,2,U01259,0
1,0,1,1,U01260,2
13,118.7538462,10,2.153846154,U01261,1
4,144.3775,4,2,U01262,2
1,490.9,1,1,U01263,2
1,0,1,1,U01264,2
2,0,2,3,U01265,0
14,139.35,8,2.071428571,U01266,1
14,112.9614286,11,2,U01267,1
13,91.71076923,9,2,U01268,1
1,326.02,1,2,U01269,0
2,0,2,2,U01270,2
1,0,1,2,U01271,2
1,0,1,3,U01272,0
1,0,1,1,U01273,2
1,346.71,1,3,U01274,0
1,0,1,1,U01275,2
2,0,2,2,U01276,2
12,14.77833333,8,2,U01277,1
2,44.795,2,1.5,U01278,2
3,99.85666667,3,2.333333333,U01279,0
12,76.1375,7,1.666666667,U01280,1
13,67.37692308,10,2.153846154,U01281,1
3,0,3,1.333333333,U01282,2
1,0,1,3,U01283,0
15,162.5166667,11,2.066666667,U01284,1
4,0.195,2,2.25,U01285,0
13,140.0915385,7,2,U01286,1
12,164.2658333,9,1.916666667,U01287,1
2,88.67,2,2.5,U01288,0
1,0,1,3,U01289,0
14,36.20285714,10,2,U01290,1
1,0,1,3,U01291,0
1,0,1,3,U01292,0
1,394.26,1,2,U01293,0
1,0,1,3,U01294,0
4,98.8525,4,2.25,U01295,0
1,0,1,1,U01296,2
1,0,1,3,U01297,0
1,0,1,1,U01298,2
1,0,1,2,U01299,2
1,0,1,3,U01300,0
1,0,1,1,U01301,2
2,0,2,2,U01302,2
2,58.84,2,2.5,U01303,0
2,0,2,1,U01304,2
3,0,3,2.333333333,U01305,0
1,0,1,3,U01306,0
1,0,1,3,U01307,0
1,0,1,3,U01308,0
2,0,2,2,U01309,2
3,0,3,2.333333333,U01310,0
1,327.99,1,1,U01311,2
1,0,1,3,U01312,0
3,82.7,3,1.666666667,U01313,2
2,149.785,2,1.5,U01314,2
13,143.8476923,9,2.076923077,U01315,1
1,0,1,3,U01316,0
1,0,1,3,U01317,0
14,95.51071429,11,2.285714286,U01318,1
1,0,1,2,U01319,2
4,71.2625,4,1.75,U01320,2
14,60.92428571,8,2,U01321,1
12,63.38666667,8,2.333333333,U01322,1
2,0,2,1.5,U01323,2
1,0,1,2,U01324,2
2,88.67,2,3,U01325,0
2,0.39,2,2.5,U01326,0
1,487.92,1,3,U01327,0
1,248.1,1,1,U01328,2
1,276.37,1,3,U01329,0
2,0,2,2,U01330,2
13,99.08153846,8,2.153846154,U01331,1
12,114.7783333,8,2.25,U01332,1
1,0,1,3,U01333,0
13,50.86076923,9,2,U01334,1
1,0,1,2,U01335,2
14,62.18928571,9,2.142857143,U01336,1
16,77.68125,10,2.3125,U01337,1
3,0,3,3,U01338,0
2,207.755,2,2,U01339,0
2,207.755,2,1.5,U01340,2
3,39.22666667,2,1.666666667,U01341,2
2,0,2,2,U01342,2
14,139.7657143,9,2,U01343,1
14,48.59285714,7,1.928571429,U01344,1
1,0,1,1,U01345,2
15,92.72333333,11,2.2,U01346,1
13,63.10615385,9,2,U01347,1
2,0,2,1.5,U01348,2
1,0,1,2,U01349,2
13,83.70384615,8,1.769230769,U01350,1
2,0.39,2,2.5,U01351,0
13,101.5061538,9,2,U01352,1
1,0,1,1,U01353,2
2,0,2,2.5,U01354,0
13,111.5184615,8,2.615384615,U01355,1
3,29.86333333,3,1.666666667,U01356,2
1,0.78,1,3,U01357,0
1,37.89,1,3,U01358,0
2,0,2,1.5,U01359,2
1,119.04,1,2,U01360,2
1,0,1,1,U01361,2
3,0,3,1.666666667,U01362,2
2,0,2,2.5,U01363,0
13,133.4461538,9,2.153846154,U01364,1
14,122.0892857,11,1.714285714,U01365,1
1,0,1,3,U01366,0
1,0,1,1,U01367,2
1,0,1,1,U01368,2
1,0,1,2,U01369,2
3,92.12333333,3,2.333333333,U01370,0
1,0,1,2,U01371,2
1,0,1,2,U01372,2
1,0,1,2,U01373,2
1,0,1,1,U01374,2
13,148.8284615,9,1.923076923,U01375,1
1,0,1,1,U01376,2
4,208.2725,3,2,U01377,0
2,236.14,2,1,U01378,2
2,149.785,2,1,U01379,2
1,37.89,1,3,U01380,0
1,0,1,1,U01381,2
1,326.02,1,2,U01382,0
1,0,1,2,U01383,2
3,157.4266667,3,2.333333333,U01384,0
1,0,1,1,U01385,2
1,487.92,1,3,U01386,0
1,0,1,1,U01387,2
1,0,1,3,U01388,0
1,0,1,1,U01389,2
2,0,2,2,U01390,2
1,0,1,3,U01391,0
3,82.7,3,1.666666667,U01392,2
1,0,1,2,U01393,2
14,48.57642857,9,1.785714286,U01394,1
14,81.27357143,9,1.928571429,U01395,1
3,131.42,3,2,U01396,2
13,68.23846154,8,1.769230769,U01397,1
1,0,1,3,U01398,0
16,103.058125,8,1.8125,U01399,1
1,0,1,1,U01400,2
1,327.99,1,1,U01401,2
4,95.835,4,2,U01402,2
1,0,1,2,U01403,2
1,0,1,3,U01404,0
12,86.20083333,9,2.25,U01405,1
1,0,1,3,U01406,0
1,0,1,2,U01407,2
2,0,2,1,U01408,2
4,147.83,3,2,U01409,2
1,37.89,1,3,U01410,0
15,96.006,9,2,U01411,1
3,19.36666667,3,2.666666667,U01412,0
1,0,1,2,U01413,2
16,75.00625,11,2.3125,U01414,1
3,362.0466667,3,2.333333333,U01415,0
2,163.01,2,1.5,U01416,2
2,173.355,1,2,U01417,2
1,0,1,3,U01418,0
2,163.995,2,1,U01419,2
3,113.23,3,1.666666667,U01420,2
1,0,1,1,U01421,2
2,245.45,2,1.5,U01422,2
1,0,1,3,U01423,0
1,415.51,1,2,U01424,0
1,0,1,1,U01425,2
1,89.59,1,2,U01426,2
1,0,1,1,U01427,2
1,0,1,3,U01428,0
15,55.278,10,1.866666667,U01429,1
13,99.74461538,10,2.307692308,U01430,1
2,0,2,2,U01431,2
12,188.8616667,8,2.083333333,U01432,1
2,44.795,1,1.5,U01433,2
2,45.185,2,2.5,U01434,0
13,113.7430769,10,2,U01435,1
2,0,2,2.5,U01436,0
1,0,1,1,U01437,2
4,9.4725,3,1.5,U01438,2
1,327.99,1,1,U01439,2
2,197.13,1,2,U01440,0
1,327.99,1,1,U01441,2
3,186.3666667,3,3,U01442,0
2,0,2,2,U01443,2
2,218.15,2,2.5,U01444,0
12,132.0266667,9,1.833333333,U01445,1
1,0,1,1,U01446,2
1,0,1,3,U01447,0
1,0,1,2,U01448,2
2,0,2,1.5,U01449,2
11,94.51181818,8,2.181818182,U01450,1
11,82.40090909,7,1.636363636,U01451,1
2,77.785,2,3,U01452,0
2,0,2,1.5,U01453,2
2,0,2,2.5,U01454,0
14,71.06285714,11,2.071428571,U01455,1
1,0,1,1,U01456,2
1,394.26,1,2,U01457,0
1,0,1,3,U01458,0
1,0,1,1,U01459,2
13,125.74,10,2,U01460,1
1,327.99,1,1,U01461,2
1,212.39,1,3,U01462,0
13,93.78615385,7,1.538461538,U01463,1
1,0,1,1,U01464,2
2,197.13,2,2,U01465,0
2,0,2,3,U01466,0
1,487.92,1,3,U01467,0
2,149.785,2,2,U01468,2
2,0,2,3,U01469,0
2,207.755,2,2,U01470,0
1,0,1,1,U01471,2
12,90.51333333,8,2.083333333,U01472,1
15,158.782,9,1.866666667,U01473,1
2,0,1,2,U01474,2
15,86.36133333,9,2.133333333,U01475,1
1,326.02,1,2,U01476,0
1,0,1,1,U01477,2
1,0,1,2,U01478,2
1,0,1,1,U01479,2
1,0.78,1,3,U01480,0
1,0,1,2,U01481,2
2,245.45,2,1,U01482,2
1,0,1,1,U01483,2
1,0,1,1,U01484,2
1,0,1,1,U01485,2
1,0,1,3,U01486,0
2,0,2,2.5,U01487,0
12,49.98,7,1.916666667,U01488,1
1,487.92,1,3,U01489,0
1,0,1,2,U01490,2
3,0,2,1.666666667,U01491,2
4,209.4025,4,1.75,U01492,2
1,415.51,1,2,U01493,0
1,0,1,3,U01494,0
1,0,1,2,U01495,2
13,129.4669231,9,2.538461538,U01496,1
13,64.43153846,9,1.846153846,U01497,1
1,0,1,3,U01498,0
1,0,1,3,U01499,0
13,77.09769231,9,2.076923077,U01500,1
1,119.04,1,2,U01501,2
1,57.32,1,3,U01502,0
1,276.37,1,3,U01503,0
1,472.28,1,1,U01504,2
3,0,3,1.333333333,U01505,2
15,77.37066667,9,2.2,U01506,1
3,117.81,3,1.666666667,U01507,2
1,0,1,1,U01508,2
1,57.32,1,3,U01509,0
2,0,2,1.5,U01510,2
13,73.68384615,6,1.846153846,U01511,1
12,133.155,8,2.166666667,U01512,1
1,0,1,2,U01513,2
1,0,1,1,U01514,2
1,0,1,3,U01515,0
1,0,1,3,U01516,0
14,84.61928571,10,2,U01517,1
1,490.9,1,1,U01518,2
2,0,2,2.5,U01519,0
1,0,1,2,U01520,2
1,327.99,1,1,U01521,2
14,32.94785714,8,2.071428571,U01522,1
1,0,1,2,U01523,2
1,0,1,1,U01524,2
2,173.745,2,3,U01525,0
12,147.0975,9,1.833333333,U01526,1
1,37.89,1,3,U01527,0
14,156.7585714,10,1.714285714,U01528,1
3,0,3,2,U01529,2
15,36.274,8,2.333333333,U01530,1
14,44.50571429,8,1.928571429,U01531,1
1,0,1,2,U01532,2
3,37.06,3,1.666666667,U01533,2
1,0,1,1,U01534,2
4,236.075,3,2,U01535,0
12,146.515,8,2.166666667,U01536,1
3,295.93,3,1.666666667,U01537,2
1,415.51,1,2,U01538,0
1,0,1,2,U01539,2
1,0,1,1,U01540,2
4,171.0425,4,2.5,U01541,0
1,177.34,1,3,U01542,0
16,115.5175,10,1.8125,U01543,1
1,119.04,1,2,U01544,2
1,0,1,1,U01545,2
1,0,1,1,U01546,2
2,0,2,3,U01547,0
1,0,1,1,U01548,2
1,0,1,1,U01549,2
1,0,1,2,U01550,2
1,0,1,3,U01551,0
1,0,1,3,U01552,0
15,42.06666667,10,2.066666667,U01553,1
4,0,4,1.5,U01554,2
1,0,1,1,U01555,2
2,0,2,2.5,U01556,0
1,0,1,3,U01557,0
1,57.32,1,3,U01558,0
1,89.59,1,2,U01559,2
1,0,1,2,U01560,2
1,0,1,2,U01561,2
1,0,1,1,U01562,2
1,0,1,2,U01563,2
1,346.71,1,3,U01564,0
1,212.39,1,3,U01565,0
1,0,1,1,U01566,2
1,0,1,1,U01567,2
3,138.5033333,3,2.333333333,U01568,0
1,0,1,3,U01569,0
2,163.01,2,1.5,U01570,2
2,0,2,3,U01571,0
1,53.86,1,1,U01572,2
2,243.96,2,2.5,U01573,0
1,346.71,1,3,U01574,0
13,99.16846154,7,1.923076923,U01575,1
2,0,2,1.5,U01576,2
1,0,1,3,U01577,0
15,93.86666667,10,2.066666667,U01578,1
1,0,1,3,U01579,0
2,197.13,2,2,U01580,0
2,107.615,2,3,U01581,0
1,0,1,2,U01582,2
1,0,1,2,U01583,2
1,0,1,1,U01584,2
11,81.06090909,6,1.636363636,U01585,1
14,85.25928571,9,1.642857143,U01586,1
2,18.945,2,2.5,U01587,0
1,0,1,2,U01588,2
1,0,1,1,U01589,2
1,0,1,1,U01590,2
2,0,2,2,U01591,2
4,0,4,1.75,U01592,2
1,0,1,1,U01593,2
1,37.89,1,3,U01594,0
2,296.425,2,2.5,U01595,0
2,0,2,1,U01596,2
1,299.57,1,1,U01597,2
1,0,1,1,U01598,2
1,0,1,3,U01599,0
1,326.02,1,2,U01600,0
2,173.355,2,2,U01601,2
13,67.03076923,10,1.923076923,U01602,1
2,44.795,2,2.5,U01603,0
1,0,1,2,U01604,2
1,57.32,1,3,U01605,0
1,346.71,1,3,U01606,0
1,89.59,1,2,U01607,2
1,0,1,2,U01608,2
1,0,1,1,U01609,2
1,0,1,3,U01610,0
1,0,1,3,U01611,0
1,0,1,2,U01612,2
1,0,1,1,U01613,2
1,0,1,2,U01614,2
1,0,1,3,U01615,0
1,0,1,1,U01616,2
1,0,1,1,U01617,2
13,69.15,8,2,U01618,1
1,490.9,1,1,U01619,2
1,0,1,1,U01620,2
2,0,2,3,U01621,0
1,0.78,1,3,U01622,0
1,0,1,1,U01623,2
4,202.39,4,2.5,U01624,0
3,131.42,3,1.666666667,U01625,2
1,0,1,1,U01626,2
13,56.37384615,9,1.846153846,U01627,1
14,112.6007143,7,2.142857143,U01628,1
1,53.86,1,1,U01629,2
1,0,1,2,U01630,2
2,197.13,2,2.5,U01631,0
1,0,1,2,U01632,2
1,0,1,1,U01633,2
1,0,1,2,U01634,2
14,53.08142857,9,2.214285714,U01635,1
1,0,1,3,U01636,0
13,120.5646154,9,1.538461538,U01637,1
1,0,1,1,U01638,2
1,0,1,2,U01639,2
1,0,1,2,U01640,2
1,0,1,2,U01641,2
1,0,1,1,U01642,2
1,89.59,1,2,U01643,2
3,162.64,2,2.333333333,U01644,0
3,0.26,3,2.666666667,U01645,0
1,0,1,2,U01646,2
13,99.82230769,9,1.846153846,U01647,1
4,29.615,3,2.5,U01648,0
13,165.4715385,8,2.076923077,U01649,1
1,0,1,3,U01650,0
1,212.39,1,3,U01651,0
2,163.995,2,1.5,U01652,2
1,0,1,3,U01653,0
15,180.7693333,9,2.2,U01654,1
1,0,1,3,U01655,0
12,76.5725,8,2.166666667,U01656,1
1,0,1,1,U01657,2
1,177.34,1,3,U01658,0
3,180.1266667,2,1.666666667,U01659,2
2,47.605,1,3,U01660,0
1,0,1,1,U01661,2
15,143.6246667,10,2,U01662,1
2,0,2,1.5,U01663,2
2,207.755,2,2,U01664,0
4,0,3,1.25,U01665,2
14,42.085,9,2.071428571,U01666,1
1,0,1,3,U01667,0
1,0,1,1,U01668,2
2,26.93,2,1,U01669,2
1,0,1,1,U01670,2
15,55.99533333,10,1.733333333,U01671,1
1,0,1,1,U01672,2
1,0,1,2,U01673,2
14,87.43357143,9,1.857142857,U01674,1
1,394.26,1,2,U01675,0
1,0,1,3,U01676,0
2,0,2,3,U01677,0
1,0,1,2,U01678,2
1,0,1,3,U01679,0
1,0,1,3,U01680,0
1,0,1,2,U01681,2
2,0,2,1.5,U01682,2
1,326.02,1,2,U01683,0
2,0,2,3,U01684,0
1,0,1,2,U01685,2
1,0,1,3,U01686,0
2,0,1,3,U01687,0
2,0,2,2,U01688,2
1,0,1,1,U01689,2
4,0,4,1,U01690,2
1,37.89,1,3,U01691,0
12,114.355,10,2,U01692,1
2,138.185,2,3,U01693,0
1,342.61,1,2,U01694,0
13,112.1661538,9,2.153846154,U01695,1
2,163.995,2,1.5,U01696,2
1,0,1,1,U01697,2
1,0,1,1,U01698,2
1,0,1,2,U01699,2
1,326.02,1,2,U01700,0
1,117.68,1,3,U01701,0
14,68.35857143,8,1.857142857,U01702,1
3,162.64,3,2.666666667,U01703,0
2,44.795,2,1.5,U01704,2
1,472.28,1,1,U01705,2
1,0,1,1,U01706,2
3,39.68,3,2,U01707,2
14,115.3728571,9,1.857142857,U01708,1
1,0,1,1,U01709,2
1,394.26,1,2,U01710,0
1,53.86,1,1,U01711,2
1,0,1,3,U01712,0
4,112.895,4,2.5,U01713,0
1,0,1,2,U01714,2
1,0,1,1,U01715,2
1,57.32,1,3,U01716,0
1,299.57,1,1,U01717,2
1,0,1,3,U01718,0
1,119.04,1,2,U01719,2
15,110.398,8,1.866666667,U01720,1
10,81.029,7,2.1,U01721,1
1,0,1,3,U01722,0
1,0,1,3,U01723,0
16,76.735625,10,2.125,U01724,1
2,0,2,2,U01725,2
13,77.59076923,9,2.384615385,U01726,1
1,0,1,2,U01727,2
2,0,2,2,U01728,2
15,160.0033333,10,2.066666667,U01729,1
1,0,1,3,U01730,0
1,0,1,2,U01731,2
2,0,2,2.5,U01732,0
4,143.985,4,2,U01733,2
3,148.3533333,3,2.333333333,U01734,0
1,57.32,1,3,U01735,0
1,0,1,2,U01736,2
1,0,1,1,U01737,2
1,0,1,3,U01738,0
1,0,1,3,U01739,0
1,0,1,3,U01740,0
2,0,2,1.5,U01741,2
2,0,1,1.5,U01742,2
1,0,1,3,U01743,0
4,166.315,4,2.5,U01744,0
13,124.8184615,7,1.923076923,U01745,1
14,114.8035714,8,1.642857143,U01746,1
4,44.335,4,2,U01747,2
1,394.26,1,2,U01748,0
1,276.37,1,3,U01749,0
4,156.915,4,1.5,U01750,2
1,0.78,1,3,U01751,0
4,75.495,4,2.25,U01752,0
1,0,1,3,U01753,0
1,0,1,1,U01754,2
1,285.05,1,1,U01755,2
2,0,2,1.5,U01756,2
1,0,1,1,U01757,2
1,326.02,1,2,U01758,0
1,276.37,1,3,U01759,0
1,490.9,1,1,U01760,2
2,0,2,2.5,U01761,0
15,95.136,11,2.2,U01762,1
1,248.1,1,1,U01763,2
2,142.525,2,1,U01764,2
1,0,1,3,U01765,0
3,207.6933333,3,2.333333333,U01766,0
1,0,1,1,U01767,2
2,0,2,2.5,U01768,0
4,13.465,4,1.5,U01769,2
2,0,2,2,U01770,2
3,115.83,3,3,U01771,0
1,0,1,3,U01772,0
16,162.28375,8,1.6875,U01773,1
1,0,1,1,U01774,2
2,0,2,2,U01775,2
2,0,2,2,U01776,2
1,0,1,1,U01777,2
2,0,2,1.5,U01778,2
1,0,1,2,U01779,2
1,346.71,1,3,U01780,0
1,0,1,2,U01781,2
1,0,1,1,U01782,2
3,19.10666667,3,2.666666667,U01783,0
1,119.04,1,2,U01784,2
1,0,1,2,U01785,2
13,118.4446154,8,2.153846154,U01786,1
2,133.465,2,2.5,U01787,0
2,44.795,2,2.5,U01788,0
15,96.142,8,1.866666667,U01789,1
1,299.57,1,1,U01790,2
2,26.93,2,2,U01791,2
1,53.86,1,1,U01792,2
1,0,1,2,U01793,2
1,0,1,3,U01794,0
13,88.12,9,2.076923077,U01795,1
1,0,1,3,U01796,0
1,490.9,1,1,U01797,2
1,487.92,1,3,U01798,0
1,0,1,3,U01799,0
2,124.05,2,1.5,U01800,2
1,394.26,1,2,U01801,0
1,276.37,1,3,U01802,0
3,114.2033333,3,1.333333333,U01803,2
2,0,2,2,U01804,2
15,28.79733333,9,1.866666667,U01805,1
1,0,1,1,U01806,2
2,245.45,2,2,U01807,0
3,228.2233333,2,2,U01808,0
13,109.8292308,8,1.769230769,U01809,1
15,149.4706667,8,2.266666667,U01810,1
1,0,1,3,U01811,0
15,53.23533333,10,2.066666667,U01812,1
1,0,1,1,U01813,2
3,157.4266667,3,2,U01814,2
1,0,1,1,U01815,2
2,0,2,1,U01816,2
1,0,1,3,U01817,0
2,26.93,2,1.5,U01818,2
1,0,1,3,U01819,0
15,160.504,11,2.066666667,U01820,1
1,0,1,3,U01821,0
15,29.802,9,2.066666667,U01822,1
1,0,1,3,U01823,0
1,327.99,1,1,U01824,2
14,54.15142857,9,1.928571429,U01825,1
1,0,1,1,U01826,2
1,0,1,3,U01827,0
1,177.34,1,3,U01828,0
2,0,2,2,U01829,2
1,37.89,1,3,U01830,0
1,472.28,1,1,U01831,2
1,0,1,1,U01832,2
2,243.96,2,3,U01833,0
1,0,1,2,U01834,2
2,0,1,2.5,U01835,0
1,299.57,1,1,U01836,2
1,326.02,1,2,U01837,0
2,0,2,2,U01838,2
1,0,1,2,U01839,2
14,32.91642857,10,1.928571429,U01840,1
1,0,1,2,U01841,2
13,89.94461538,9,1.769230769,U01842,1
1,0,1,3,U01843,0
1,0,1,2,U01844,2
1,0,1,3,U01845,0
2,58.84,2,2,U01846,2
1,0,1,2,U01847,2
1,0,1,3,U01848,0
1,0,1,2,U01849,2
3,139.5366667,2,1.666666667,U01850,2
4,167.1575,3,2.25,U01851,0
4,128.325,4,2,U01852,2
1,89.59,1,2,U01853,2
13,89.27230769,9,2.076923077,U01854,1
1,53.86,1,1,U01855,2
1,0,1,2,U01856,2
2,26.93,2,2,U01857,2
1,0,1,2,U01858,2
1,0,1,1,U01859,2
3,162.64,3,2.333333333,U01860,0
2,47.605,1,3,U01861,0
1,0,1,2,U01862,2
1,342.61,1,2,U01863,0
1,0,1,2,U01864,2
4,0,3,1.75,U01865,2
1,0,1,2,U01866,2
13,68.62307692,8,1.615384615,U01867,1
2,0,2,1.5,U01868,2
1,0,1,2,U01869,2
1,0,1,2,U01870,2
14,65.46642857,8,2.142857143,U01871,1
14,148.8864286,10,1.857142857,U01872,1
1,0,1,1,U01873,2
1,415.51,1,2,U01874,0
1,285.05,1,1,U01875,2
14,69.41571429,7,1.785714286,U01876,1
12,101.6216667,9,1.833333333,U01877,1
1,0,1,3,U01878,0
15,157.8606667,8,2.066666667,U01879,1
2,0,2,1.5,U01880,2
1,346.71,1,3,U01881,0
3,31.73666667,2,3,U01882,0
1,490.9,1,1,U01883,2
1,346.71,1,3,U01884,0
1,0,1,1,U01885,2
1,0,1,3,U01886,0
1,0,1,1,U01887,2
1,0,1,2,U01888,2
1,0,1,3,U01889,0
1,0,1,3,U01890,0
1,0,1,1,U01891,2
1,0,1,1,U01892,2
12,108.1825,8,1.916666667,U01893,1
1,0,1,1,U01894,2
1,0,1,2,U01895,2
12,143.3675,9,1.583333333,U01896,1
1,0,1,3,U01897,0
1,117.68,1,3,U01898,0
2,0,2,1,U01899,2
11,118.8690909,7,2.272727273,U01900,1
1,0,1,3,U01901,0
1,57.32,1,3,U01902,0
13,102.6692308,9,2,U01903,1
1,487.92,1,3,U01904,0
2,245.45,2,1,U01905,2
15,93.046,10,1.933333333,U01906,1
2,44.795,2,1.5,U01907,2
12,74.05583333,9,2,U01908,1
3,12.63,3,2.666666667,U01909,0
1,177.34,1,3,U01910,0
1,299.57,1,1,U01911,2
1,0,1,2,U01912,2
1,0,1,1,U01913,2
1,0,1,3,U01914,0
2,226.7,2,2.5,U01915,0
1,117.68,1,3,U01916,0
15,77.30266667,8,2.266666667,U01917,1
14,69.93714286,8,2.142857143,U01918,1
1,0,1,1,U01919,2
13,125.22,8,2.153846154,U01920,1
2,0,2,1,U01921,2
2,0,2,1.5,U01922,2
1,57.32,1,3,U01923,0
2,44.795,2,1.5,U01924,2
1,299.57,1,1,U01925,2
13,91.50230769,9,1.692307692,U01926,1
1,0,1,2,U01927,2
1,0,1,1,U01928,2
14,75.53714286,7,1.857142857,U01929,1
1,0,1,2,U01930,2
11,115.5272727,7,1.909090909,U01931,1
1,415.51,1,2,U01932,0
2,0,2,2,U01933,2
14,124.11,8,2.357142857,U01934,1
1,0,1,2,U01935,2
2,0,2,1.5,U01936,2
1,0,1,1,U01937,2
2,245.45,2,1,U01938,2
4,104.6525,4,2,U01939,2
2,138.185,2,2.5,U01940,0
1,89.59,1,2,U01941,2
1,0,1,2,U01942,2
14,107.125,7,1.785714286,U01943,1
2,0,2,1.5,U01944,2
1,342.61,1,2,U01945,0
1,0,1,2,U01946,2
1,0,1,2,U01947,2
1,276.37,1,3,U01948,0
1,0,1,2,U01949,2
2,0,2,2.5,U01950,0
3,0,2,1.333333333,U01951,2
2,0,2,2,U01952,2
15,84.23,11,2.133333333,U01953,1
1,0,1,1,U01954,2
1,0,1,1,U01955,2
1,0,1,1,U01956,2
1,0,1,3,U01957,0
12,131.7383333,8,2.25,U01958,1
12,112.3275,8,2.416666667,U01959,1
1,326.02,1,2,U01960,0
14,65.29571429,7,1.785714286,U01961,1
11,141.6718182,9,1.909090909,U01962,1
1,327.99,1,1,U01963,2
4,69.0925,4,2.25,U01964,0
1,0,1,2,U01965,2
4,144.0225,4,1.75,U01966,2
1,0,1,2,U01967,2
2,207.755,2,1.5,U01968,2
1,248.1,1,1,U01969,2
2,0,2,2,U01970,2
1,0,1,3,U01971,0
1,0,1,1,U01972,2
1,0,1,2,U01973,2
2,245.45,2,2,U01974,0
1,394.26,1,2,U01975,0
1,0,1,2,U01976,2
2,44.795,2,2.5,U01977,0
1,89.59,1,2,U01978,2
12,104.9433333,8,1.833333333,U01979,1
1,0,1,2,U01980,2
1,0,1,2,U01981,2
1,276.37,1,3,U01982,0
1,53.86,1,1,U01983,2
1,0,1,1,U01984,2
1,0,1,1,U01985,2
1,346.71,1,3,U01986,0
13,102.4738462,10,1.615384615,U01987,1
1,490.9,1,1,U01988,2
13,63.27076923,8,2.076923077,U01989,1
2,0,2,2,U01990,2
3,121.3033333,3,2.666666667,U01991,0
2,173.355,1,2.5,U01992,0
14,90.215,8,1.714285714,U01993,1
11,108.9154545,8,1.818181818,U01994,1
1,0,1,3,U01995,0
1,394.26,1,2,U01996,0
1,346.71,1,3,U01997,0
15,105.8086667,10,2,U01998,1
2,453.205,1,1.5,U01999,2
2,28.66,2,3,U02000,0
1,0,1,3,U02001,0
1,0,1,2,U02002,2
4,122.725,4,2.5,U02003,0
1,342.61,1,2,U02004,0
1,0,1,1,U02005,2
1,0,1,2,U02006,2
1,0,1,1,U02007,2
1,0,1,2,U02008,2
1,299.57,1,1,U02009,2
14,134.3228571,9,1.785714286,U02010,1
1,0,1,1,U02011,2
1,37.89,1,3,U02012,0
2,0,2,2,U02013,2
3,18.21333333,3,1.666666667,U02014,2
14,86.36785714,9,1.785714286,U02015,1
1,0,1,1,U02016,2
2,26.93,2,1,U02017,2
1,0,1,1,U02018,2
3,89.90333333,2,2.333333333,U02019,0
1,0,1,1,U02020,2
1,0,1,3,U02021,0
11,87.11727273,8,1.818181818,U02022,1
2,0,2,1.5,U02023,2
2,0,2,2,U02024,2
1,276.37,1,3,U02025,0
1,0,1,1,U02026,2
1,0,1,1,U02027,2
2,0,2,3,U02028,0
1,342.61,1,2,U02029,0
1,117.68,1,3,U02030,0
2,59.52,2,1.5,U02031,2
2,0,2,2.5,U02032,0
1,0,1,3,U02033,0
1,117.68,1,3,U02034,0
15,102.1286667,9,2.133333333,U02035,1
2,44.795,2,2.5,U02036,0
2,163.995,2,1.5,U02037,2
11,47.26818182,9,2.181818182,U02038,1
13,145.6453846,10,1.692307692,U02039,1
1,0,1,2,U02040,2
3,12.63,3,2.333333333,U02041,0
1,0,1,2,U02042,2
1,0,1,3,U02043,0
2,0,2,1.5,U02044,2
1,0.78,1,3,U02045,0
1,0,1,1,U02046,2
1,0,1,1,U02047,2
1,89.59,1,2,U02048,2
1,248.1,1,1,U02049,2
3,0,3,1,U02050,2
1,342.61,1,2,U02051,0
2,386.485,1,2,U02052,0
1,0,1,3,U02053,0
2,0,2,1.5,U02054,2
14,139.9157143,9,2,U02055,1
1,0,1,3,U02056,0
2,0,2,1.5,U02057,2
13,96.42846154,8,1.692307692,U02058,1
1,0,1,3,U02059,0
3,0,2,2,U02060,2
1,117.68,1,3,U02061,0
1,0,1,3,U02062,0
2,18.945,2,3,U02063,0
15,137.8666667,10,1.866666667,U02064,1
2,0,2,3,U02065,0
1,0,1,2,U02066,2
1,0,1,2,U02067,2
13,94.86615385,7,1.538461538,U02068,1
1,0,1,2,U02069,2
1,342.61,1,2,U02070,0
13,69.73153846,8,1.923076923,U02071,1
1,0,1,3,U02072,0
2,18.945,2,2.5,U02073,0
14,120.84,9,1.928571429,U02074,1
1,0,1,2,U02075,2
1,0,1,3,U02076,0
14,61.19857143,10,1.928571429,U02077,1
2,171.185,2,2,U02078,2
1,0,1,2,U02079,2
2,416.755,2,1.5,U02080,2
2,59.52,2,2.5,U02081,0
1,0,1,1,U02082,2
2,243.96,2,2,U02083,0
3,0.26,3,2.333333333,U02084,0
1,0,1,3,U02085,0
2,171.305,2,2,U02086,2
1,0,1,1,U02087,2
1,0,1,2,U02088,2
1,0,1,1,U02089,2
1,0,1,1,U02090,2
3,12.63,3,2,U02091,2
1,89.59,1,2,U02092,2
2,124.05,2,1,U02093,2
11,35.84181818,9,1.545454545,U02094,1
1,119.04,1,2,U02095,2
13,62.72615385,9,2.230769231,U02096,1
2,163.995,2,1,U02097,2
13,87.51692308,8,2.153846154,U02098,1
1,394.26,1,2,U02099,0
1,248.1,1,1,U02100,2
1,37.89,1,3,U02101,0
3,0,3,2.333333333,U02102,0
3,157.4266667,2,1,U02103,2
1,0,1,2,U02104,2
1,394.26,1,2,U02105,0
1,0,1,3,U02106,0
2,0,2,2,U02107,2
1,0,1,1,U02108,2
1,0,1,3,U02109,0
1,276.37,1,3,U02110,0
1,0,1,2,U02111,2
2,0,2,1,U02112,2
2,163.995,1,1.5,U02113,2
1,0,1,1,U02114,2
1,0,1,1,U02115,2
1,342.61,1,2,U02116,0
1,0,1,1,U02117,2
1,0,1,1,U02118,2
1,0,1,2,U02119,2
2,44.795,2,2,U02120,2
1,415.51,1,2,U02121,0
2,0,2,2,U02122,2
2,207.755,2,2,U02123,0
1,0,1,1,U02124,2
13,139.5330769,10,2.076923077,U02125,1
1,0,1,2,U02126,2
2,0,2,1.5,U02127,2
1,0,1,3,U02128,0
2,0,2,1,U02129,2
1,212.39,1,3,U02130,0
1,0,1,1,U02131,2
2,0,2,1,U02132,2
2,0.39,2,3,U02133,0
1,0,1,1,U02134,2
1,0,1,1,U02135,2
1,0,1,3,U02136,0
1,285.05,1,1,U02137,2
2,245.45,2,2,U02138,0
1,0.78,1,3,U02139,0
1,326.02,1,2,U02140,0
2,138.185,2,2.5,U02141,0
4,53.0975,4,2.75,U02142,0
3,51.85666667,3,2.666666667,U02143,0
14,126.2935714,9,1.928571429,U02144,1
1,0,1,3,U02145,0
1,0,1,3,U02146,0
15,119.2,11,2.133333333,U02147,1
1,346.71,1,3,U02148,0
15,80.57733333,8,2.133333333,U02149,1
1,0,1,2,U02150,2
13,171.7323077,8,1.615384615,U02151,1
13,178.7023077,9,1.846153846,U02152,1
13,128.6369231,9,1.692307692,U02153,1
3,279.2033333,3,2,U02154,0
14,44.51,10,1.928571429,U02155,1
1,0,1,2,U02156,2
3,0,3,2,U02157,2
4,187.1625,4,1.75,U02158,2
2,163.995,2,1.5,U02159,2
1,0,1,3,U02160,0
14,58.74214286,7,2.357142857,U02161,1
1,0,1,1,U02162,2
1,0,1,1,U02163,2
1,0,1,1,U02164,2
1,0,1,3,U02165,0
1,0,1,1,U02166,2
3,114.2033333,3,2,U02167,2
1,0,1,1,U02168,2
1,0,1,2,U02169,2
1,472.28,1,1,U02170,2
2,28.66,2,2,U02171,2
1,0,1,3,U02172,0
1,326.02,1,2,U02173,0
14,127.7057143,8,1.928571429,U02174,1
2,0,2,2,U02175,2
1,117.68,1,3,U02176,0
1,472.28,1,1,U02177,2
1,0,1,2,U02178,2
2,0,2,2.5,U02179,0
4,0,4,2.5,U02180,0
2,171.305,2,1.5,U02181,2
2,0,2,2.5,U02182,0
1,117.68,1,3,U02183,0
2,88.67,2,2,U02184,2
2,0,2,1.5,U02185,2
4,90.9775,4,2,U02186,2
2,28.66,2,2.5,U02187,0
1,0,1,1,U02188,2
1,0,1,1,U02189,2
4,113.35,3,2,U02190,2
4,9.4725,2,1.5,U02191,2
2,0,2,2.5,U02192,0
2,0,2,1,U02193,2
2,395.235,2,1,U02194,2
1,0,1,3,U02195,0
1,248.1,1,1,U02196,2
2,0,2,2.5,U02197,0
2,0,1,2.5,U02198,0
12,70.1075,6,2,U02199,1
2,309.49,2,2.5,U02200,0
1,326.02,1,2,U02201,0
1,0,1,2,U02202,2
1,0,1,1,U02203,2
1,327.99,1,1,U02204,2
1,0,1,1,U02205,2
3,0,2,1.666666667,U02206,2
1,0,1,3,U02207,0
2,163.995,2,2,U02208,2
1,0,1,1,U02209,2
1,0,1,3,U02210,0
1,0,1,2,U02211,2
15,77.66333333,10,1.733333333,U02212,1
1,342.61,1,2,U02213,0
4,80.735,4,1.75,U02214,2
11,54.14454545,10,2,U02215,1
2,44.795,2,2.5,U02216,0
14,51.63357143,9,2.071428571,U02217,1
1,0,1,3,U02218,0
1,0,1,2,U02219,2
1,472.28,1,1,U02220,2
1,0,1,2,U02221,2
1,394.26,1,2,U02222,0
1,0,1,1,U02223,2
13,59.39615385,9,2.153846154,U02224,1
2,59.52,2,2,U02225,2
2,245.45,2,2,U02226,0
1,394.26,1,2,U02227,0
2,0,2,1.5,U02228,2
2,0,2,1.5,U02229,2
1,0,1,2,U02230,2
13,62.92230769,10,1.846153846,U02231,1
1,0,1,3,U02232,0
2,149.785,2,1,U02233,2
1,0,1,3,U02234,0
2,168.73,2,2,U02235,2
1,0,1,2,U02236,2
1,0,1,1,U02237,2
1,0,1,3,U02238,0
1,0,1,3,U02239,0
1,0,1,1,U02240,2
2,150.98,2,1,U02241,2
1,0,1,1,U02242,2
1,0,1,2,U02243,2
1,57.32,1,3,U02244,0
1,472.28,1,1,U02245,2
1,89.59,1,2,U02246,2
1,212.39,1,3,U02247,0
14,89.41785714,10,1.857142857,U02248,1
2,58.84,2,3,U02249,0
13,109.4153846,8,2.076923077,U02250,1
1,0,1,3,U02251,0
2,0,2,3,U02252,0
1,0,1,3,U02253,0
15,57.37133333,11,1.933333333,U02254,1
2,44.795,1,1.5,U02255,2
1,0,1,3,U02256,0
1,0,1,2,U02257,2
16,101.071875,10,2.1875,U02258,1
2,59.52,2,2.5,U02259,0
1,346.71,1,3,U02260,0
1,0,1,1,U02261,2
3,0,3,1.666666667,U02262,2
1,346.71,1,3,U02263,0
2,207.755,2,1.5,U02264,2
2,197.13,2,1.5,U02265,2
1,490.9,1,1,U02266,2
1,0,1,2,U02267,2
2,0,2,2.5,U02268,0
1,0,1,2,U02269,2
3,162.64,3,2.333333333,U02270,0
2,28.66,2,3,U02271,0
1,0,1,3,U02272,0
1,0,1,3,U02273,0
2,88.67,2,3,U02274,0
2,0,2,2.5,U02275,0
1,0,1,3,U02276,0
1,0,1,2,U02277,2
1,0,1,3,U02278,0
1,0,1,1,U02279,2
2,207.755,2,1.5,U02280,2
1,276.37,1,3,U02281,0
1,0,1,3,U02282,0
1,0,1,1,U02283,2
13,86.76076923,8,1.846153846,U02284,1
2,88.67,2,2,U02285,2
1,326.02,1,2,U02286,0
1,212.39,1,3,U02287,0
15,95.84866667,10,2,U02288,1
1,0,1,3,U02289,0
15,70.15466667,10,2.266666667,U02290,1
2,28.66,2,3,U02291,0
1,0,1,3,U02292,0
1,487.92,1,3,U02293,0
1,53.86,1,1,U02294,2
1,0,1,1,U02295,2
1,342.61,1,2,U02296,0
1,472.28,1,1,U02297,2
1,119.04,1,2,U02298,2
2,0,2,1,U02299,2
15,100.7333333,9,1.8,U02300,1
13,42.12846154,8,1.538461538,U02301,1
2,142.525,2,1.5,U02302,2
1,0,1,1,U02303,2
1,0,1,1,U02304,2
1,342.61,1,2,U02305,0
13,140.3384615,9,1.769230769,U02306,1
1,248.1,1,1,U02307,2
1,0,1,3,U02308,0
3,31.73666667,2,3,U02309,0
1,0.78,1,3,U02310,0
3,39.22666667,2,2.333333333,U02311,0
1,0,1,2,U02312,2
1,0,1,3,U02313,0
1,177.34,1,3,U02314,0
14,63.485,8,1.714285714,U02315,1
2,207.805,2,2,U02316,0
2,28.66,2,3,U02317,0
1,285.05,1,1,U02318,2
1,248.1,1,1,U02319,2
3,70.79666667,3,2.666666667,U02320,0
2,294.98,2,2,U02321,0
1,0,1,2,U02322,2
1,37.89,1,3,U02323,0
3,108.6733333,3,2.333333333,U02324,0
1,177.34,1,3,U02325,0
2,290.245,1,1.5,U02326,2
1,0,1,1,U02327,2
3,138.5033333,3,2.333333333,U02328,0
1,0,1,2,U02329,2
1,0,1,1,U02330,2
2,0,2,2,U02331,2
2,138.575,2,3,U02332,0
3,138.5033333,3,2,U02333,2
2,0.39,2,3,U02334,0
1,0.78,1,3,U02335,0
14,87.72214286,9,2.071428571,U02336,1
13,128.9253846,6,1.923076923,U02337,1
1,0,1,2,U02338,2
1,285.05,1,1,U02339,2
2,18.945,2,2.5,U02340,0
13,73.65,9,1.923076923,U02341,1
2,44.795,2,2.5,U02342,0
4,139.97,3,2.5,U02343,0
14,95.42785714,9,1.928571429,U02344,1
13,80.6,8,2.230769231,U02345,1
1,394.26,1,2,U02346,0
1,0,1,2,U02347,2
1,0,1,2,U02348,2
14,73.45,9,1.928571429,U02349,1
2,147.51,2,3,U02350,0
2,0,2,1,U02351,2
3,99.85666667,2,1.666666667,U02352,2
1,0,1,1,U02353,2
1,487.92,1,3,U02354,0
1,119.04,1,2,U02355,2
1,0,1,3,U02356,0
2,0,2,2.5,U02357,0
4,266.71,4,2,U02358,0
2,0,2,1.5,U02359,2
1,0,1,3,U02360,0
2,163.995,2,1.5,U02361,2
1,0,1,3,U02362,0
1,487.92,1,3,U02363,0
1,299.57,1,1,U02364,2
1,0,1,2,U02365,2
1,0,1,2,U02366,2
1,0,1,3,U02367,0
4,112.8425,4,3,U02368,0
2,0,2,2,U02369,2
14,78.05428571,11,2,U02370,1
12,130.8083333,8,2,U02371,1
3,0,3,1.666666667,U02372,2
2,243.96,2,2.5,U02373,0
3,0.26,2,2.666666667,U02374,0
1,276.37,1,3,U02375,0
1,0,1,3,U02376,0
2,0,2,2,U02377,2
1,0,1,2,U02378,2
2,0,2,3,U02379,0
3,240.0933333,3,1.666666667,U02380,2
1,415.51,1,2,U02381,0
1,490.9,1,1,U02382,2
1,0,1,2,U02383,2
3,39.68,3,1.333333333,U02384,2
1,0,1,1,U02385,2
4,74.8925,4,1.25,U02386,2
1,0,1,3,U02387,0
1,346.71,1,3,U02388,0
2,88.67,2,3,U02389,0
2,236.14,1,1.5,U02390,2
1,0,1,3,U02391,0
2,106.195,2,2.5,U02392,0
1,0,1,1,U02393,2
1,299.57,1,1,U02394,2
3,0,3,1.333333333,U02395,2
1,212.39,1,3,U02396,0
1,0,1,1,U02397,2
2,124.44,2,2,U02398,2
1,0,1,3,U02399,0
1,0,1,2,U02400,2
1,490.9,1,1,U02401,2
1,0,1,3,U02402,0
1,0,1,3,U02403,0
2,26.93,2,1,U02404,2
1,0,1,1,U02405,2
2,157.13,2,3,U02406,0
2,0,2,1,U02407,2
1,0,1,1,U02408,2
1,0,1,2,U02409,2
12,120.3433333,10,2.25,U02410,1
1,37.89,1,3,U02411,0
1,0,1,3,U02412,0
2,0,2,2.5,U02413,0
3,157.4266667,2,1.333333333,U02414,2
11,142.5609091,7,1.909090909,U02415,1
1,0,1,3,U02416,0
1,0,1,3,U02417,0
1,0,1,2,U02418,2
1,0,1,2,U02419,2
1,0,1,2,U02420,2
1,0,1,2,U02421,2
1,57.32,1,3,U02422,0
2,222.835,2,2,U02423,0
1,0,1,2,U02424,2
2,0,2,1,U02425,2
1,299.57,1,1,U02426,2
15,59.53333333,9,2,U02427,1
2,274.11,2,2,U02428,0
3,0,2,1.333333333,U02429,2
1,0,1,1,U02430,2
1,327.99,1,1,U02431,2
15,106.2306667,10,1.8,U02432,1
1,117.68,1,3,U02433,0
1,0,1,1,U02434,2
1,487.92,1,3,U02435,0
3,148.5566667,3,1.666666667,U02436,2
1,0,1,3,U02437,0
1,0,1,3,U02438,0
1,276.37,1,3,U02439,0
1,0,1,2,U02440,2
1,0,1,1,U02441,2
1,0,1,2,U02442,2
2,47.605,1,3,U02443,0
1,0,1,2,U02444,2
14,107.6514286,10,2.071428571,U02445,1
2,245.45,2,1,U02446,2
1,0,1,3,U02447,0
2,0,2,2.5,U02448,0
1,285.05,1,1,U02449,2
1,0,1,2,U02450,2
2,0,2,2,U02451,2
2,0,2,2,U02452,2
1,212.39,1,3,U02453,0
2,0,2,3,U02454,0
1,0,1,3,U02455,0
1,0,1,2,U02456,2
1,0,1,2,U02457,2
2,221.85,2,2.5,U02458,0
12,52.12166667,9,1.916666667,U02459,1
1,0,1,3,U02460,0
2,0,2,3,U02461,0
1,327.99,1,1,U02462,2
1,0,1,1,U02463,2
1,0,1,1,U02464,2
2,0,2,1,U02465,2
4,91.49,4,2.25,U02466,0
1,0,1,1,U02467,2
3,0,3,1.666666667,U02468,2
2,0,2,1,U02469,2
13,56.48615385,7,2,U02470,1
1,326.02,1,2,U02471,0
1,0,1,1,U02472,2
1,0,1,1,U02473,2
1,0,1,2,U02474,2
1,0,1,2,U02475,2
1,0,1,3,U02476,0
1,342.61,1,2,U02477,0
2,245.45,2,1.5,U02478,2
4,71.2625,4,1.25,U02479,2
1,0,1,2,U02480,2
1,0,1,3,U02481,0
2,0,2,2,U02482,2
1,0,1,1,U02483,2
4,71.2625,4,1.75,U02484,2
14,44.38214286,8,2.071428571,U02485,1
2,88.67,1,2.5,U02486,0
1,0,1,3,U02487,0
1,0,1,2,U02488,2
1,0,1,1,U02489,2
13,0.06,8,1.923076923,U02490,1
1,0,1,1,U02491,2
1,0,1,2,U02492,2
1,0,1,2,U02493,2
1,0,1,2,U02494,2
2,44.795,2,1.5,U02495,2
1,0,1,3,U02496,0
2,0,2,2,U02497,2
1,0,1,1,U02498,2
1,0,1,3,U02499,0
1,0,1,2,U02500,2
1,0,1,2,U02501,2
1,0,1,3,U02502,0
2,0,2,2.5,U02503,0
4,81.505,3,2.75,U02504,0
1,248.1,1,1,U02505,2
1,285.05,1,1,U02506,2
1,0,1,3,U02507,0
1,0,1,1,U02508,2
3,0.26,3,2.666666667,U02509,0
2,0,2,1,U02510,2
1,0,1,2,U02511,2
14,66.78214286,8,1.928571429,U02512,1
1,472.28,1,1,U02513,2
2,0,2,2,U02514,2
11,90.58727273,8,1.818181818,U02515,1
1,0,1,3,U02516,0
2,232.195,2,3,U02517,0
1,0,1,2,U02518,2
2,44.795,2,1.5,U02519,2
1,0,1,1,U02520,2
4,22.3975,4,2,U02521,2
1,117.68,1,3,U02522,0
1,0,1,3,U02523,0
1,0,1,2,U02524,2
1,0,1,1,U02525,2
2,230.825,2,2,U02526,0
1,0,1,1,U02527,2
1,0,1,1,U02528,2
3,99.85666667,3,1.666666667,U02529,2
1,472.28,1,1,U02530,2
4,0,3,2.25,U02531,0
1,0,1,2,U02532,2
1,0,1,2,U02533,2
2,0,2,2,U02534,2
2,163.995,2,1.5,U02535,2
2,0,1,2,U02536,2
12,146.9208333,8,2,U02537,1
1,0,1,2,U02538,2
2,197.13,1,1.5,U02539,2
15,68.55333333,11,2,U02540,1
13,136.5569231,8,1.769230769,U02541,1
13,62.76384615,7,2.076923077,U02542,1
1,0,1,1,U02543,2
1,490.9,1,1,U02544,2
2,0,1,2,U02545,2
1,285.05,1,1,U02546,2
1,0,1,2,U02547,2
2,243.96,2,2.5,U02548,0
1,0,1,3,U02549,0
1,327.99,1,1,U02550,2
1,0,1,3,U02551,0
1,0,1,1,U02552,2
2,243.96,2,2.5,U02553,0
1,299.57,1,1,U02554,2
1,0,1,1,U02555,2
1,276.37,1,3,U02556,0
1,0,1,1,U02557,2
4,0.195,4,2,U02558,2
1,0,1,3,U02559,0
1,0,1,1,U02560,2
1,0,1,2,U02561,2
4,81.505,4,1.5,U02562,2
1,0,1,2,U02563,2
13,119.92,8,1.846153846,U02564,1
1,327.99,1,1,U02565,2
14,114.9014286,10,1.714285714,U02566,1
1,0,1,3,U02567,0
2,0,2,2,U02568,2
1,0,1,3,U02569,0
1,472.28,1,1,U02570,2
1,0,1,2,U02571,2
1,0,1,3,U02572,0
1,0,1,1,U02573,2
1,346.71,1,3,U02574,0
2,142.525,2,1,U02575,2
1,117.68,1,3,U02576,0
2,142.525,2,1.5,U02577,2
1,0,1,1,U02578,2
1,0,1,2,U02579,2
1,285.05,1,1,U02580,2
2,173.355,2,2.5,U02581,0
15,43.24266667,10,1.666666667,U02582,1
14,54.27571429,10,1.928571429,U02583,1
2,0.39,2,3,U02584,0
2,232.875,2,2.5,U02585,0
1,0,1,1,U02586,2
2,142.525,2,1,U02587,2
1,415.51,1,2,U02588,0
1,0.78,1,3,U02589,0
2,124.05,2,1.5,U02590,2
1,0,1,2,U02591,2
2,236.14,2,1,U02592,2
12,119.3775,10,2,U02593,1
1,327.99,1,1,U02594,2
1,0.78,1,3,U02595,0
1,212.39,1,3,U02596,0
2,134.855,2,3,U02597,0
1,0,1,2,U02598,2
2,218.15,2,2.5,U02599,0
3,207.6933333,3,3,U02600,0
4,0,4,1.5,U02601,2
13,74.98076923,9,2.076923077,U02602,1
1,0,1,1,U02603,2
1,0,1,2,U02604,2
12,90.30666667,7,2.083333333,U02605,1
1,0,1,3,U02606,0
1,0,1,1,U02607,2
1,0,1,2,U02608,2
2,0,2,2.5,U02609,0
1,0,1,1,U02610,2
1,0,1,2,U02611,2
14,69.035,10,2.214285714,U02612,1
2,88.67,2,3,U02613,0
13,70.76,10,1.769230769,U02614,1
2,0,2,1.5,U02615,2
13,97.32153846,8,2.076923077,U02616,1
4,122.725,4,2,U02617,2
3,0,2,1.666666667,U02618,2
1,212.39,1,3,U02619,0
2,18.945,2,2,U02620,2
1,0,1,1,U02621,2
1,0,1,1,U02622,2
11,61.79272727,7,2.090909091,U02623,1
3,163.6333333,3,1.666666667,U02624,2
2,0,2,2,U02625,2
3,70.79666667,3,2.333333333,U02626,0
1,0,1,2,U02627,2
1,285.05,1,1,U02628,2
1,57.32,1,3,U02629,0
12,55.88583333,9,1.916666667,U02630,1
1,0,1,2,U02631,2
1,0,1,1,U02632,2
14,71.78214286,8,2.285714286,U02633,1
1,57.32,1,3,U02634,0
1,0,1,3,U02635,0
1,0,1,2,U02636,2
2,0.39,2,2.5,U02637,0
1,0,1,3,U02638,0
1,212.39,1,3,U02639,0
3,218.0033333,3,2,U02640,0
1,0,1,3,U02641,0
1,0,1,1,U02642,2
15,97.38933333,10,1.866666667,U02643,1
4,58.665,3,2.5,U02644,0
10,88.927,8,2.3,U02645,1
2,368.01,2,2,U02646,0
1,0,1,3,U02647,0
1,0,1,1,U02648,2
1,472.28,1,1,U02649,2
2,124.05,2,1,U02650,2
16,69.621875,9,2.25,U02651,1
1,0,1,3,U02652,0
1,0,1,1,U02653,2
1,415.51,1,2,U02654,0
1,0,1,1,U02655,2
1,53.86,1,1,U02656,2
1,177.34,1,3,U02657,0
3,95.01666667,3,1.333333333,U02658,2
2,124.05,2,1.5,U02659,2
1,0,1,3,U02660,0
1,0,1,3,U02661,0
2,58.84,2,2.5,U02662,0
14,72.64571429,8,1.5,U02663,1
1,0,1,3,U02664,0
1,37.89,1,3,U02665,0
1,0,1,3,U02666,0
1,248.1,1,1,U02667,2
3,19.10666667,3,2.666666667,U02668,0
2,0,2,2,U02669,2
1,0,1,3,U02670,0
1,299.57,1,1,U02671,2
14,72.30428571,9,1.928571429,U02672,1
1,0,1,3,U02673,0
1,0,1,2,U02674,2
4,86.6775,3,1.75,U02675,2
1,394.26,1,2,U02676,0
3,163.6333333,3,2.333333333,U02677,0
1,0,1,1,U02678,2
11,94.86,8,2.181818182,U02679,1
1,0,1,2,U02680,2
1,0,1,3,U02681,0
1,53.86,1,1,U02682,2
15,171.8973333,10,2.133333333,U02683,1
14,196.2357143,9,2,U02684,1
1,487.92,1,3,U02685,0
4,203.7225,3,1.25,U02686,2
1,212.39,1,3,U02687,0
1,0,1,1,U02688,2
1,0,1,1,U02689,2
4,98.565,2,1.5,U02690,2
1,0,1,1,U02691,2
3,39.22666667,2,2.666666667,U02692,0
1,342.61,1,2,U02693,0
2,313.78,2,1,U02694,2
1,0,1,1,U02695,2
2,245.45,2,2,U02696,0
4,109.27,4,2.75,U02697,0
12,149.8633333,8,2.333333333,U02698,1
1,0,1,2,U02699,2
1,57.32,1,3,U02700,0
4,106.36,4,2.25,U02701,0
2,0,2,1,U02702,2
1,0,1,2,U02703,2
1,0,1,2,U02704,2
2,197.13,2,2.5,U02705,0
1,37.89,1,3,U02706,0
1,117.68,1,3,U02707,0
1,472.28,1,1,U02708,2
12,104.6816667,9,1.583333333,U02709,1
1,326.02,1,2,U02710,0
2,0,2,1.5,U02711,2
2,236.14,1,1,U02712,2
1,0,1,2,U02713,2
1,0,1,2,U02714,2
2,0,2,2.5,U02715,0
2,0,2,1,U02716,2
1,285.05,1,1,U02717,2
1,0,1,2,U02718,2
1,0,1,2,U02719,2
1,212.39,1,3,U02720,0
1,299.57,1,1,U02721,2
1,0,1,2,U02722,2
1,327.99,1,1,U02723,2
1,0,1,2,U02724,2
1,415.51,1,2,U02725,0
4,0,3,2.25,U02726,0
2,197.13,2,2,U02727,0
1,276.37,1,3,U02728,0
1,394.26,1,2,U02729,0
1,299.57,1,1,U02730,2
1,0,1,3,U02731,0
1,0,1,2,U02732,2
14,107.0614286,9,1.928571429,U02733,1
1,0,1,1,U02734,2
1,0,1,1,U02735,2
1,212.39,1,3,U02736,0
1,0,1,2,U02737,2
1,0,1,2,U02738,2
1,487.92,1,3,U02739,0
1,0,1,1,U02740,2
1,0,1,1,U02741,2
2,142.525,2,1.5,U02742,2
14,57.17571429,8,1.571428571,U02743,1
1,342.61,1,2,U02744,0
1,0,1,3,U02745,0
3,39.22666667,2,2.666666667,U02746,0
3,17.95333333,3,1.666666667,U02747,2
2,0,2,2,U02748,2
2,0,2,2,U02749,2
2,28.66,2,3,U02750,0
1,0,1,3,U02751,0
1,0,1,1,U02752,2
1,53.86,1,1,U02753,2
13,68.36615385,9,2.307692308,U02754,1
1,0,1,1,U02755,2
2,163.01,2,2.5,U02756,0
1,415.51,1,2,U02757,0
2,0,1,2,U02758,2
2,0,2,1.5,U02759,2
3,124.88,3,1.666666667,U02760,2
4,98.565,3,1.5,U02761,2
2,157.13,2,3,U02762,0
3,191.3733333,3,1.666666667,U02763,2
1,37.89,1,3,U02764,0
1,0,1,3,U02765,0
1,0,1,2,U02766,2
14,98.41785714,9,1.857142857,U02767,1
2,236.14,2,1.5,U02768,2
3,251.0666667,1,1.666666667,U02769,2
14,99.21571429,8,2,U02770,1
1,0.78,1,3,U02771,0
1,177.34,1,3,U02772,0
1,0,1,1,U02773,2
1,0,1,1,U02774,2
12,118.6258333,10,1.916666667,U02775,1
2,0,2,2,U02776,2
1,0,1,1,U02777,2
3,0,3,1.666666667,U02778,2
3,269.9233333,3,1.666666667,U02779,2
2,0,2,2,U02780,2
3,233.4366667,3,2.666666667,U02781,0
1,0,1,3,U02782,0
1,0,1,1,U02783,2
2,124.05,2,2,U02784,2
1,0,1,1,U02785,2
12,115.9025,9,1.75,U02786,1
1,346.71,1,3,U02787,0
12,106.1366667,9,2.333333333,U02788,1
4,0,4,2,U02789,2
1,0,1,1,U02790,2
13,70.60692308,10,1.692307692,U02791,1
14,56.83714286,9,1.928571429,U02792,1
14,103.565,10,1.857142857,U02793,1
2,171.305,2,2,U02794,2
1,299.57,1,1,U02795,2
1,0,1,1,U02796,2
1,0.78,1,3,U02797,0
1,0,1,2,U02798,2
1,0,1,2,U02799,2
1,299.57,1,1,U02800,2
3,0.26,3,2,U02801,2
1,0,1,1,U02802,2
2,0,2,3,U02803,0
1,0,1,2,U02804,2
1,57.32,1,3,U02805,0
1,0,1,2,U02806,2
4,139.775,3,2.25,U02807,0
2,0,1,2.5,U02808,0
2,0,2,1,U02809,2
1,0,1,1,U02810,2
1,0,1,3,U02811,0
1,119.04,1,2,U02812,2
1,0,1,2,U02813,2
2,0,2,1,U02814,2
4,97.4325,3,3,U02815,0
1,0,1,2,U02816,2
1,0,1,3,U02817,0
1,0.78,1,3,U02818,0
2,0,2,2.5,U02819,0
1,0,1,1,U02820,2
11,106.7236364,7,2.090909091,U02821,1
1,0,1,2,U02822,2
2,0,2,2,U02823,2
1,326.02,1,2,U02824,0
13,125.8469231,8,2.076923077,U02825,1
1,0,1,1,U02826,2
1,0,1,2,U02827,2
2,245.45,2,2,U02828,0
1,89.59,1,2,U02829,2
1,0,1,3,U02830,0
1,0,1,3,U02831,0
11,0.070909091,5,2.363636364,U02832,1
2,171.305,2,1.5,U02833,2
1,0,1,1,U02834,2
1,117.68,1,3,U02835,0
1,472.28,1,1,U02836,2
2,0,2,2,U02837,2
2,418.805,2,2,U02838,0
4,0,4,2.25,U02839,0
1,0,1,1,U02840,2
1,0,1,1,U02841,2
2,245.45,2,2,U02842,0
14,92.61857143,9,1.642857143,U02843,1
12,91.83166667,7,2.083333333,U02844,1
1,0,1,1,U02845,2
1,299.57,1,1,U02846,2
1,0,1,2,U02847,2
1,0,1,2,U02848,2
1,0,1,1,U02849,2
13,76.45384615,10,2.153846154,U02850,1
1,394.26,1,2,U02851,0
1,0,1,3,U02852,0
1,0,1,1,U02853,2
1,0,1,3,U02854,0
1,327.99,1,1,U02855,2
1,472.28,1,1,U02856,2
12,83.45833333,7,2.166666667,U02857,1
4,0,4,1.25,U02858,2
2,327.005,2,1.5,U02859,2
1,0.78,1,3,U02860,0
1,346.71,1,3,U02861,0
2,0,2,2,U02862,2
1,0,1,1,U02863,2
1,0,1,3,U02864,0
1,0,1,3,U02865,0
2,163.01,2,2,U02866,2
2,88.67,2,2,U02867,2
2,0,2,2,U02868,2
1,0,1,1,U02869,2
1,0,1,1,U02870,2
1,0,1,1,U02871,2
2,171.305,2,2.5,U02872,0
3,17.95333333,3,2,U02873,2
11,104.6718182,7,2.090909091,U02874,1
1,285.05,1,1,U02875,2
1,0,1,3,U02876,0
1,0,1,2,U02877,2
2,267.275,2,2,U02878,0
1,0,1,1,U02879,2
1,0,1,3,U02880,0
4,69.0925,3,1.75,U02881,2
1,0,1,2,U02882,2
12,192.8625,7,1.5,U02883,1
3,0.26,3,2.333333333,U02884,0
3,114.2033333,3,1.333333333,U02885,2
3,29.86333333,3,2,U02886,2
4,119.2275,4,1.75,U02887,2
1,117.68,1,3,U02888,0
1,326.02,1,2,U02889,0
2,0,2,2,U02890,2
3,234.1,2,1.666666667,U02891,2
1,472.28,1,1,U02892,2
1,0,1,1,U02893,2
1,0,1,3,U02894,0
2,26.93,2,1,U02895,2
1,0,1,2,U02896,2
1,299.57,1,1,U02897,2
4,154.94,3,2.75,U02898,0
13,25.23,8,1.538461538,U02899,1
1,394.26,1,2,U02900,0
1,0,1,3,U02901,0
2,0,2,2,U02902,2
1,487.92,1,3,U02903,0
1,346.71,1,3,U02904,0
2,59.52,2,2.5,U02905,0
3,197.1066667,2,1.333333333,U02906,2
2,207.755,2,2.5,U02907,0
1,0,1,1,U02908,2
14,86.09928571,9,1.714285714,U02909,1
1,0,1,3,U02910,0
1,490.9,1,1,U02911,2
2,106.195,2,3,U02912,0
1,0,1,2,U02913,2
2,28.66,2,2.5,U02914,0
14,29.67928571,9,1.714285714,U02915,1
15,139.5613333,10,1.466666667,U02916,1
1,487.92,1,3,U02917,0
2,0,2,1,U02918,2
1,0,1,3,U02919,0
1,0,1,1,U02920,2
1,0,1,3,U02921,0
1,0,1,2,U02922,2
3,272.9633333,2,1.333333333,U02923,2
1,0,1,3,U02924,0
4,128.325,4,2.25,U02925,0
1,0,1,3,U02926,0
15,124.356,10,1.933333333,U02927,1
1,0,1,2,U02928,2
1,472.28,1,1,U02929,2
1,285.05,1,1,U02930,2
15,10.462,8,1.933333333,U02931,1
1,0,1,1,U02932,2
1,0,1,3,U02933,0
1,299.57,1,1,U02934,2
2,350.28,2,1.5,U02935,2
2,0,2,2.5,U02936,0
13,49.89076923,8,2.153846154,U02937,1
1,0,1,3,U02938,0
1,0,1,2,U02939,2
3,115.57,3,1.666666667,U02940,2
12,75.625,8,1.833333333,U02941,1
3,138.5033333,3,2,U02942,2
1,0,1,2,U02943,2
1,0,1,3,U02944,0
12,135.0966667,8,1.75,U02945,1
1,0,1,2,U02946,2
11,82.92090909,9,1.818181818,U02947,1
1,0,1,1,U02948,2
2,393.745,2,2,U02949,0
4,85.6525,3,2.25,U02950,0
1,0,1,2,U02951,2
2,0,2,1,U02952,2
1,285.05,1,1,U02953,2
2,243.96,2,3,U02954,0
1,57.32,1,3,U02955,0
2,26.93,2,1,U02956,2
1,0,1,3,U02957,0
12,111.5341667,7,2,U02958,1
2,138.185,2,3,U02959,0
1,299.57,1,1,U02960,2
1,0,1,1,U02961,2
1,0,1,2,U02962,2
1,0,1,2,U02963,2
1,0,1,2,U02964,2
1,327.99,1,1,U02965,2
4,0,4,2,U02966,2
1,0,1,3,U02967,0
2,255.98,2,2,U02968,0
13,90.59846154,10,1.846153846,U02969,1
2,45.185,2,2.5,U02970,0
13,59.76076923,9,2.307692308,U02971,1
2,290.245,1,1.5,U02972,2
1,0,1,1,U02973,2
14,86.14857143,9,1.785714286,U02974,1
1,0,1,1,U02975,2
16,95.42875,9,2,U02976,1
1,394.26,1,2,U02977,0
4,62.025,4,1.5,U02978,2
1,212.39,1,3,U02979,0
12,67.055,8,1.833333333,U02980,1
14,84.07142857,9,2,U02981,1
1,0,1,1,U02982,2
1,0,1,2,U02983,2
14,112.4307143,9,2.071428571,U02984,1
1,0.78,1,3,U02985,0
2,295.355,2,1.5,U02986,2
1,0,1,1,U02987,2
1,0,1,2,U02988,2
11,88.08272727,8,1.818181818,U02989,1
2,236.14,2,2,U02990,0
1,0,1,1,U02991,2
12,159.4816667,8,1.666666667,U02992,1
1,0,1,3,U02993,0
14,76.38857143,9,1.714285714,U02994,1
1,37.89,1,3,U02995,0
1,0,1,1,U02996,2
1,0,1,3,U02997,0
1,37.89,1,3,U02998,0
1,37.89,1,3,U02999,0
1,394.26,1,2,U03000,0
